free,log,restart,rmse,converged,in_bounds,C_c,h_amb,K_Q,h_fc,sigma,tau,theta,dead,coast
h_amb,real_mak,0,70.7137845988619,True,True,320.0,1.310756195431436,3.5,1.3,1.4e-09,244.13388326169374,50.0,26.0,0.0
h_amb,real_mak,1,72.39762107460379,True,True,172.85771421648167,0.7942588868363428,2.3319548072236844,1.4088070663671808,1.458592304110177e-09,217.63396932831427,67.29838758055485,31.0,0.0
h_amb,real_mak,2,78.48876434363413,True,True,262.9703815766029,1.4409616064800252,3.593539495167551,1.7544346404541145,1.4226681744356745e-09,182.4964526424724,50.815184320566274,24.0,0.0
h_amb,real_mak,3,52.830118037942654,True,True,405.398928626551,0.9520116579101368,2.8557041658244264,1.8331639094233825,9.018054361224329e-10,425.8339961051379,52.34091074425572,27.0,22.0
h_amb,real_mak,4,87.27818944251803,True,True,302.8450724578749,1.9571342999216164,4.906396018918373,1.5300628827485656,2.5275983113401934e-09,154.73903475607366,40.99215632025888,19.0,0.0
h_amb+theta,real_mak,0,17.06835200556956,True,True,320.0,0.9416382974521968,3.5,1.3,1.4e-09,339.8332468696613,365.4259789810289,109.0,125.0
h_amb+theta,real_mak,1,8.802952464059073,True,True,397.77459757061285,0.16436566198639938,1.8224195008009654,1.953302521013004,1.213500767723271e-09,2420.058987767939,224.47916077942602,89.0,146.0
h_amb+theta,real_mak,2,18.236387394682563,True,True,219.12546307181503,0.6666446985902662,2.8139230234513435,1.4385905510210713,1.496754686578331e-09,328.6990259356943,394.7012697384062,113.0,122.0
h_amb+theta,real_mak,3,18.8569960025449,True,True,274.4642405128669,1.3021675424264392,3.95278111472717,0.6046566455436183,9.041355609670325e-10,210.77490535621433,378.9230060718709,115.0,125.0
h_amb+theta,real_mak,4,20.26395653615198,True,True,342.50707796344295,3.0713628100912533,9.102584195334646,0.9518558865587463,1.9282784676852987e-09,111.5163199990908,468.728505763987,111.0,162.0
K_Q+h_amb,real_mak,0,27.670011678658945,True,False,320.0,1.0000001953646572e-09,1.156568275351123,1.3,1.4e-09,319999937483.3219,50.0,34.0,35.0
K_Q+h_amb,real_mak,1,14.690307878229781,True,False,269.7178233442371,1.0000000000001227e-09,0.92867832936012,2.4812937145145426,8.559897797574044e-10,269717823344.204,101.39627202384776,53.0,78.0
K_Q+h_amb,real_mak,2,33.416184744106886,True,False,322.54873222419974,1.000000001630039e-09,1.1850933189720112,1.2353563624902046,1.584326692006028e-09,322548731698.4327,31.177362513415037,24.0,21.0
K_Q+h_amb,real_mak,3,29.931624433443194,True,False,292.677555815854,1.0000109958685162e-09,1.2441828479272385,1.3770347515577053,1.7782730840969832e-09,292674337607.31964,79.41531556063435,45.0,44.0
K_Q+h_amb,real_mak,4,19.54493888352571,True,False,634.034290685833,1.000000011729736e-09,1.8615397162050606,2.3772337547562907,1.4388181789260224e-09,634034283248.7782,37.57727043798187,27.0,34.0
K_Q+h_amb+theta,real_mak,0,9.15893512810866,True,False,320.0,1.0000000134546664e-09,1.4080727563857538,1.3,1.4e-09,319999995694.50684,219.38538973160578,92.0,143.0
K_Q+h_amb+theta,real_mak,1,9.515893795199219,True,False,296.66914647638043,1.0000000419025216e-09,1.3444875638783826,1.114679013903175,1.3653016982968425e-09,296669134045.1956,220.77807585747658,94.0,143.0
K_Q+h_amb+theta,real_mak,2,12.279088446545456,True,False,264.05419926816387,1.0000000000208303e-09,1.4896573759013039,1.818669472827002,1.741111712756194e-09,264054199262.66354,268.89619540772605,102.0,138.0
K_Q+h_amb+theta,real_mak,3,8.854493569439876,True,False,262.1863049895023,1.0000000075989975e-09,1.1217860563229638,1.2968260436788899,1.094972897984378e-09,262186302997.1492,219.76335807928385,89.0,143.0
K_Q+h_amb+theta,real_mak,4,9.206198259762152,True,False,308.83578380581804,1.0000000011047939e-09,1.3588462471504419,1.2207953660993385,1.3555782896517239e-09,308835783464.61816,221.21885724282407,91.0,143.0
C_c+h_amb+theta,real_mak,0,2.8166264834536197,True,False,1223.817264536896,1.000000001461812e-09,3.5,1.3,1.4e-09,1223817262747.905,120.4836508304312,66.0,146.0
C_c+h_amb+theta,real_mak,1,3.113697379144446,True,False,1118.9076384904192,1.0000000000146836e-09,3.2986250107944244,1.8363445579582307,1.5052429874387754e-09,1118907638473.9897,128.5536233935417,68.0,146.0
C_c+h_amb+theta,real_mak,2,5.501974179856836,True,False,694.4426033991098,1.0000000000581614e-09,2.3978213035583753,1.981217169322855,1.7361826632363693e-09,694442603358.72,164.3638308691725,77.0,144.0
C_c+h_amb+theta,real_mak,3,4.036049597079074,True,False,847.8849979995193,1.0000000000212768e-09,2.667768944180432,1.847955043017529,1.5429091145425394e-09,847884997981.479,145.8034327547694,71.0,145.0
C_c+h_amb+theta,real_mak,4,2.5468852954902093,True,True,1536.9230546562599,0.07398952719367648,4.2051584286401225,0.8741776393600784,1.0203452207530184e-09,20772.170237460487,109.71428636614986,62.0,147.0
K_Q+C_c+h_amb,real_mak,0,5.311510532512308,True,False,612433856.3519728,1.0000000000000003e-09,1419463.5222840998,1.3,1.4e-09,6.124338563519726e+17,50.0,38.0,269.0
K_Q+C_c+h_amb,real_mak,1,6.618396304517025,True,False,1233357396.2215497,1.0000000000000003e-09,2825119.328741465,0.9800669776003768,1.3720487378295354e-09,1.2333573962215493e+18,34.38752358659767,32.0,213.0
K_Q+C_c+h_amb,real_mak,2,6.9286316471509695,True,False,430784886.25968146,1.0000000000000003e-09,984226.7591871739,2.076610764765576,1.190074504042283e-09,4.3078488625968134e+17,37.6667396043171,30.0,196.0
K_Q+C_c+h_amb,real_mak,3,5.020546160747845,True,False,230716114.48734516,1e-09,536283.5093791775,1.2035348007051256,8.204398565293534e-10,2.3071611448734515e+17,50.48857310422352,40.0,270.0
K_Q+C_c+h_amb,real_mak,4,3.801547537621018,True,False,85727.89976577787,1.0868734009681893e-09,203.5928702088421,1.255547426293908,3.5736209729375627e-09,78875699496750.27,61.693309138775376,48.0,164.0
K_Q+C_c+h_amb+theta,real_mak,0,2.4446372030491657,True,False,25949490.005593378,7445.668543197819,74168.58270611998,1.3,1.4e-09,3485.179316678043,110.90073909962732,62.0,146.0
K_Q+C_c+h_amb+theta,real_mak,1,2.4323011741286593,True,False,45519392.83387306,13035.884266124995,130032.38817785247,1.1906393303946088,1.3484140189539565e-09,3491.853096008194,108.10810372956134,63.0,145.0
K_Q+C_c+h_amb+theta,real_mak,2,2.4553519628928546,True,False,73738329.28961717,21196.382931597887,210861.9675730378,2.615657749307789,1.2794701076323578e-09,3478.816622985892,113.02247030402548,61.0,146.0
K_Q+C_c+h_amb+theta,real_mak,3,2.4626480857295214,True,False,92376785.78087723,26587.066392110217,264249.8502365144,2.9086946488582512,1.505896395919986e-09,3474.500887705696,114.35169685897209,61.0,146.0
K_Q+C_c+h_amb+theta,real_mak,4,2.4224898281996587,True,False,20067774.563528795,5738.893654461671,57303.04053013313,0.6719520116316614,1.185006456352709e-09,3496.801957277465,105.4469439177584,63.0,145.0
K_Q+C_c+h_fc+h_amb,real_mak,0,2.6502323052404573,True,False,19760389.22502394,5751.57150998372,56885.94158235478,0.12679438642921637,1.4e-09,3435.650446269053,50.0,55.0,150.0
K_Q+C_c+h_fc+h_amb,real_mak,1,2.663047158496083,True,False,42475130.97304784,12417.159870371765,122412.52570896757,0.06735058225440824,1.09748916724436e-09,3420.68004410546,48.83879208906952,55.0,151.0
K_Q+C_c+h_fc+h_amb,real_mak,2,2.736813304618777,True,False,40689042.97439104,12218.271872826119,118075.83487251772,0.09945023651692084,1.0573030175538016e-09,3330.1798648698395,42.60110844089813,52.0,153.0
K_Q+C_c+h_fc+h_amb,real_mak,3,2.603259571143422,True,False,45950867.27197349,13179.94024816106,131782.08873523332,0.19830776191174593,1.4972300030359954e-09,3486.424551764172,54.50896256469141,57.0,149.0
K_Q+C_c+h_fc+h_amb,real_mak,4,2.7983285176290327,True,False,72352653.22135316,22267.30185050836,211305.62707024842,0.10785508821717507,1.9021365473771877e-09,3249.2779640341273,37.84841253639719,50.0,156.0
K_Q+C_c+h_fc+h_amb+theta,real_mak,0,2.4232647519315718,False,True,9609.278091056209,2.2514066957661742,27.188652627094353,0.385454667156012,1.4e-09,4268.121840948014,93.67537638182971,65.0,144.0
K_Q+C_c+h_fc+h_amb+theta,real_mak,1,2.420336924159017,False,True,11181.309825260381,2.70129281207081,31.678187285802682,0.43682851143219287,1.396768572112687e-09,4139.243911395445,93.70588175582175,65.0,144.0
K_Q+C_c+h_fc+h_amb+theta,real_mak,2,2.4230410490848473,False,True,13267.220671121739,3.1174490935494625,37.551863637984496,0.6480475386599832,1.9124826739952303e-09,4255.7938471469815,93.62626646916124,65.0,144.0
K_Q+C_c+h_fc+h_amb+theta,real_mak,3,2.418071704227758,False,True,8598.94374871516,2.129633093377664,24.403368102394328,0.5129753621462657,9.360654760697863e-10,4037.7583234664007,93.68515498985923,65.0,144.0
K_Q+C_c+h_fc+h_amb+theta,real_mak,4,2.4249603414799528,False,True,10676.765492488417,2.455447373070062,30.18166665545229,0.38838333180614953,1.683257309159624e-09,4348.195611759004,93.51879445631377,65.0,144.0
C_c+theta,real_mak,0,7.016889078709064,True,True,850.2915701471766,0.5,3.5,1.3,1.4e-09,1700.5831402943531,185.47866528554343,82.0,141.0
C_c+theta,real_mak,1,10.70235918422854,True,True,479.0109806039103,0.4638328764658466,2.5224668934043497,1.3543308897134363,1.2491326203589566e-09,1032.7232175815404,231.50432245562448,90.0,133.0
C_c+theta,real_mak,2,15.143281127088777,True,True,351.93107743085505,0.651722307869479,2.5644925935833407,2.353719569266352,1.1879220378660965e-09,540.0015822403559,284.1799060169997,95.0,118.0
C_c+theta,real_mak,3,3.9671061782717354,True,True,1580.0487076010552,0.47792873870794444,5.226237830189866,0.6357689146829888,1.5698744456042725e-09,3306.034100130984,139.27896139931912,74.0,144.0
C_c+theta,real_mak,4,2.9807272459683283,True,True,1538.101186309091,0.4654475149462978,4.773248706674329,1.6116308287278818,7.606653388317987e-10,3304.5641816060684,130.15283240762145,67.0,145.0
K_Q+C_c,real_mak,0,5.3115122008761135,True,False,1044313634.1844677,0.5,2420449.6674967413,1.3,1.4e-09,2088627268.3689353,50.0,38.0,265.0
K_Q+C_c,real_mak,1,6.051390015396944,True,False,2381586813.028372,0.7107713803234433,5481956.242041549,0.762658835727822,1.3155892449634184e-09,3350707244.212067,40.73597439335667,35.0,230.0
K_Q+C_c,real_mak,2,6.827107587803239,True,False,2085664489.583708,0.8653895363106996,4769143.150903046,1.7233396637260066,1.3135998251891622e-09,2410087483.2335563,37.724807257391,31.0,201.0
K_Q+C_c,real_mak,3,5.775610061830255,True,False,5137852276.513587,0.5407711096592532,11855657.783526335,0.9273469520746211,1.8456178075445245e-09,9500974043.807579,42.45029732924653,36.0,251.0
K_Q+C_c,real_mak,4,2.902612318348634,True,True,7992.701022510034,0.4938347215818194,20.49286163664693,1.4667149505889387,1.836662660919769e-09,16184.971759191681,93.07250073003459,53.0,146.0
K_Q+C_c+theta,real_mak,0,2.5015557102361154,True,True,3568.6913882783283,0.5,9.911847298909127,1.3,1.4e-09,7137.382776556657,109.09479747580338,62.0,147.0
K_Q+C_c+theta,real_mak,1,2.4689464670987453,True,True,3111.896768225162,0.41682457918187116,8.631662591461025,0.637765044744986,1.2676087600998783e-09,7465.722809180507,99.03497307765288,64.0,145.0
K_Q+C_c+theta,real_mak,2,2.5034242898116985,True,True,5754.761497620178,0.9307607384291445,16.037503524007974,0.9750980045259977,1.926488213850359e-09,6182.858021420794,111.42496287042556,61.0,147.0
K_Q+C_c+theta,real_mak,3,2.538068115413976,True,True,3317.647252692129,0.3217811677335799,9.12832581592911,1.7609727828493549,1.683451323625469e-09,10310.259223867908,111.96938100180849,61.0,148.0
K_Q+C_c+theta,real_mak,4,2.496959497786182,True,True,3279.804025107214,0.5495292873237053,9.17175742499867,1.8601511100324468,1.0520475953110867e-09,5968.388038206988,110.69674498303156,61.0,147.0
K_Q+C_c+h_fc+theta,real_mak,0,2.4597889131286554,True,True,3568.279137671471,0.5,9.904528569209724,0.3879437907301096,1.4e-09,7136.558275342942,92.53299975984343,64.0,145.0
K_Q+C_c+h_fc+theta,real_mak,1,2.445234332459861,True,True,4069.542420471103,0.71736726282234,11.384478810817983,0.46044174266732824,1.2056046839601547e-09,5672.885607380927,92.8939492212485,64.0,144.0
K_Q+C_c+h_fc+theta,real_mak,2,2.465658114462416,True,True,5806.4422683807115,0.7302107122243602,16.057890085792017,0.4787249997652055,2.4973178267891023e-09,7951.735261036076,92.3993021566447,64.0,145.0
K_Q+C_c+h_fc+theta,real_mak,3,2.434080948113355,True,True,5252.777386901917,1.0744254072709412,14.777795432992459,0.5270404879228051,1.1579929937199989e-09,4888.917696244787,93.15890079852821,64.0,144.0
K_Q+C_c+h_fc+theta,real_mak,4,2.466243846325149,True,True,3171.6581154903038,0.39469613140785437,8.776323429961165,0.38236445965803945,1.3770936100942938e-09,8035.695977503539,92.37561000869712,64.0,145.0
K_Q+C_c+sigma+theta,real_mak,0,2.444802506442116,True,True,1733.5363507526165,0.5,4.980546834008344,1.3,1.2337506339636958e-25,3467.072701505233,110.93641517801542,62.0,146.0
K_Q+C_c+sigma+theta,real_mak,1,2.4601830294369704,True,True,1787.1073015871061,0.5157686025575737,5.127847950244854,1.373539236828401,6.184953550077402e-23,3464.940077246398,113.91157857080975,61.0,146.0
K_Q+C_c+sigma+theta,real_mak,2,2.4517108086179347,True,True,1600.391207452663,0.46161921200352884,4.594290107177443,1.1560611075456897,1.3128223302094976e-21,3466.9077149250643,112.32729706192988,62.0,146.0
K_Q+C_c+sigma+theta,real_mak,3,2.43099013742241,True,True,1245.9204113278058,0.35962320432738404,3.588012700668807,1.0249748330456228,5.0801626435294206e-23,3464.516183426191,107.78239948522463,63.0,145.0
K_Q+C_c+sigma+theta,real_mak,4,2.4585480168897793,True,True,663.2374223527488,0.19253171926168364,1.914674798780912,1.3998026533377612,3.4236770036887715e-25,3444.821585223032,113.61386160880808,61.0,146.0
K_Q+C_c+h_fc+sigma+theta,real_mak,0,2.4030185314114476,True,True,1737.6947053856882,0.5,4.987004181705113,0.3812362480519318,6.245415606688564e-16,3475.3894107713763,93.90493886424949,65.0,144.0
K_Q+C_c+h_fc+sigma+theta,real_mak,1,2.403026256086375,True,True,1258.1696610227325,0.361597542568577,3.606557406100619,0.21342779897916098,5.019214805016267e-17,3479.4751426833063,93.90085611309931,65.0,144.0
K_Q+C_c+h_fc+sigma+theta,real_mak,2,2.4030312966150373,True,True,2174.4764940917185,0.6244637463068687,6.228385399273309,0.2987816257023646,3.6613247459388903e-16,3482.150095905096,93.9051623466204,65.0,144.0
K_Q+C_c+h_fc+sigma+theta,real_mak,3,2.403020646340362,True,True,2491.2614837106457,0.7165960027568746,7.147326114656304,0.5121042800592597,6.596297927450659e-17,3476.5216023063367,93.89721643991808,65.0,144.0
K_Q+C_c+h_fc+sigma+theta,real_mak,4,2.403018844052389,True,True,2600.8627602210445,0.748322880854859,7.463811131017909,0.5650482685335513,2.855984636677098e-16,3475.5889827261544,93.91039089496135,65.0,144.0
h_amb,grillsim_heatup,0,8.131399574623243,True,True,320.0,0.2975308570017089,3.5,1.3,1.4e-09,1075.5186982107273,50.0,26.0,42.0
h_amb,grillsim_heatup,1,31.874076312925595,True,False,386.0693815046721,1.0000082372159623e-09,2.3890644706353026,1.5768952497376267,1.6721812786131842e-09,386066201393.9955,24.35166348928447,17.0,21.0
h_amb,grillsim_heatup,2,38.09227393630037,True,True,204.59835859653361,0.9987200993563123,6.4813472798548695,1.3893374992672314,1.4948711048191424e-09,204.86055975883517,73.0598870114332,26.0,51.0
h_amb,grillsim_heatup,3,28.407538322071442,True,True,190.63857235204293,0.4999318286825503,4.1276139272762595,1.1294878495233271,1.3657925987199706e-09,381.3291361232688,44.64123523263229,19.0,37.0
h_amb,grillsim_heatup,4,53.73360086427833,True,False,448.63253966799414,1.0000000000011895e-09,2.345825686888981,0.9880036350353268,1.894409562930701e-09,448632539667.46045,53.74468270013655,37.0,60.0
h_amb+theta,grillsim_heatup,0,1.7341008382262297,True,True,320.0,0.2996010976310341,3.5,1.3,1.4e-09,1068.0868746151511,24.26933824615124,16.0,21.0
h_amb+theta,grillsim_heatup,1,4.519191137299125,True,False,225.1571608375006,1.000000000000002e-09,2.754458575647866,1.9772867853416172,2.0585529449837722e-09,225157160837.50018,39.81281160766584,20.0,25.0
h_amb+theta,grillsim_heatup,2,15.575313814352294,True,True,295.63327123604586,0.7332035039891178,4.857065615164586,0.9283347269798243,9.600615203096373e-10,403.20766284885843,62.591640843224795,28.0,42.0
h_amb+theta,grillsim_heatup,3,6.571932477062962,True,True,427.89627346267514,0.7440375823894592,5.618825798701112,0.6552385123204345,1.3850815068304724e-09,575.1003492168988,33.35598895461205,21.0,31.0
h_amb+theta,grillsim_heatup,4,4.544661692973491,True,True,318.38789462489046,0.29303406534343135,3.2299449413335166,0.8007247229599259,1.2006303602970651e-09,1086.5217811852176,16.11192132264592,12.0,16.0
K_Q+h_amb,grillsim_heatup,0,5.98702653518248,True,True,320.0,0.3908440714850064,3.9092865087000876,1.3,1.4e-09,818.7408313094392,50.0,25.0,39.0
K_Q+h_amb,grillsim_heatup,1,9.529057343365952,True,True,483.86152474409636,0.596010344406212,6.246024572198204,1.1910171228831334,2.3713851752655743e-09,811.8341053730429,58.50026065565517,31.0,48.0
K_Q+h_amb,grillsim_heatup,2,5.341781511403766,True,True,469.4390557429133,0.5566493255906203,5.637137349806958,1.6043396451097671,2.0397831897309406e-09,843.3299640573991,48.38674191789314,24.0,37.0
K_Q+h_amb,grillsim_heatup,3,2.0312110806396797,True,True,354.1256200816806,0.42079559546501444,4.049419184666081,2.087880659735824,1.3684198377792662e-09,841.5620883349363,36.92605327999811,19.0,27.0
K_Q+h_amb,grillsim_heatup,4,10.01034973766923,True,True,399.58249389668777,0.31308983588148787,5.122102016621974,1.2179686508421292,2.6037323838040414e-09,1276.2550811388828,70.1264042314529,30.0,47.0
K_Q+h_amb+theta,grillsim_heatup,0,1.219289831742802,True,True,320.0,0.3232621239775922,3.6044740483101654,1.3,1.4e-09,989.9087343192167,27.021129836268187,17.0,23.0
K_Q+h_amb+theta,grillsim_heatup,1,1.2752729540284928,True,True,377.2201975773617,0.5605928606785308,4.333462151804148,2.69196716958616,1.0466744230996436e-09,672.8951152192371,28.76772480287749,17.0,23.0
K_Q+h_amb+theta,grillsim_heatup,2,1.2643351875103381,True,True,317.22507123798175,0.4475627482094608,3.5996934925967037,1.2469988838742054,9.36459008391737e-10,708.7834555201172,27.467684652889172,17.0,23.0
K_Q+h_amb+theta,grillsim_heatup,3,4.09370292123175,True,False,240.78142346209228,1.0000000010691475e-09,2.919682820168557,1.3776879363694328,2.1619486503776865e-09,240781423204.6614,38.35692308466026,20.0,25.0
K_Q+h_amb+theta,grillsim_heatup,4,1.2868564983811885,True,True,447.1377536491426,0.6396372570419527,5.024075841245049,2.1526574307163924,1.2516767879174547e-09,699.0489511460956,30.772106517466955,16.0,23.0
C_c+h_amb+theta,grillsim_heatup,0,1.2155902955928564,True,True,310.73902013449947,0.30293926281989003,3.5,1.3,1.4e-09,1025.7469343590722,27.044738115463723,17.0,23.0
C_c+h_amb+theta,grillsim_heatup,1,1.2132434121385993,True,True,149.87693038074704,0.12999952298748402,1.7226578574468048,1.9391889338852648,7.59788269968732e-10,1152.9036948479938,29.88134165181405,17.0,22.0
C_c+h_amb+theta,grillsim_heatup,2,1.201207145639091,True,True,256.17835838312214,0.20381175415083116,2.885545885896362,0.9823870399752797,1.3243133209883146e-09,1256.936134279758,25.362769166735394,17.0,22.0
C_c+h_amb+theta,grillsim_heatup,3,1.306549486185778,True,True,404.55489819697823,0.6550523273651182,4.618835968938265,0.932336755063566,9.028273179924237e-10,617.5917270979853,23.156120853637823,16.0,23.0
C_c+h_amb+theta,grillsim_heatup,4,1.271349968939351,True,True,307.1805796207694,0.41678682317324817,3.5478135191136335,1.2341305090864403,1.0131975121604916e-09,737.0208522477254,23.26295508729288,16.0,23.0
K_Q+C_c+h_amb,grillsim_heatup,0,5.56559652650495,True,False,155.19226644924828,1.000003000201303e-09,1.9190486652034298,1.3,1.4e-09,155191800842.60516,50.0,25.0,35.0
K_Q+C_c+h_amb,grillsim_heatup,1,1.7861539675295472,True,False,168.4271269758534,1.0009544172475836e-09,1.9139939189702657,1.385751387261185,1.3831095704863985e-09,168266530496.95605,34.63045928896602,19.0,25.0
K_Q+C_c+h_amb,grillsim_heatup,2,1.8720864415658565,True,False,178.2160647224068,1.0004902183245784e-09,2.017562615038566,1.7999457574843927,1.4583340078924033e-09,178128742748.57733,36.504302449178496,19.0,25.0
K_Q+C_c+h_amb,grillsim_heatup,3,3.503338029767477,True,False,140.24689954779944,1.000009399733199e-09,1.625702043072321,1.1820575115885876,1.1800901381685593e-09,140245581276.75308,44.18116857182058,21.0,29.0
K_Q+C_c+h_amb,grillsim_heatup,4,10.622998358472312,True,False,108.7897092816718,1.0000004849519316e-09,1.4998774069330658,0.9785120936276175,1.1085321258475143e-09,108789656523.91774,72.73412103831629,32.0,46.0
K_Q+C_c+h_amb+theta,grillsim_heatup,0,1.1374357765038532,True,False,173.18774380410485,1.0000002053223166e-09,1.943467878898692,1.3,1.4e-09,173187708244.8034,27.443248991466774,17.0,21.0
K_Q+C_c+h_amb+theta,grillsim_heatup,1,1.1399136384058914,True,False,106.97630219779886,1.0000000499497975e-09,1.2752278843581732,1.2220044442253775,9.18657172069776e-10,106976296854.35449,25.064708516078994,17.0,21.0
K_Q+C_c+h_amb+theta,grillsim_heatup,2,1.143865154385592,True,False,98.3009960869107,1.0000001751509577e-09,1.1534341846362175,0.9163205684327285,8.309294667325829e-10,98300978869.40012,24.547094426741815,17.0,21.0
K_Q+C_c+h_amb+theta,grillsim_heatup,3,1.1387282759549406,True,False,106.51328193731587,1.0000000024641302e-09,1.2237989022185336,1.354537457820799,8.815779300553894e-10,106513281674.85327,28.412343002812115,17.0,21.0
K_Q+C_c+h_amb+theta,grillsim_heatup,4,1.1377860142734502,True,False,137.57225235708268,1.000000005747108e-09,1.5384395136845181,0.9953690524348043,1.108232305562877e-09,137572251566.4401,27.63982851040619,17.0,21.0
K_Q+C_c+h_fc+h_amb,grillsim_heatup,0,4.1312460945720755,True,False,159.9740258067202,1.000000000009721e-09,1.9254084049110307,17.067678976434543,1.4e-09,159974025805.16507,50.0,21.0,6085.0
K_Q+C_c+h_fc+h_amb,grillsim_heatup,1,3.526781907989666,True,False,132.2001616558032,1.000000000003448e-09,1.6051191184285736,19.02014844115189,1.1653520093459547e-09,132200161655.3474,47.29941676886945,20.0,6523.0
K_Q+C_c+h_fc+h_amb,grillsim_heatup,2,1.3971459189809305,True,False,243.10841667147935,1.0000172422404058e-09,2.6992059606785523,13.674308750465833,1.9478767343691248e-09,243104225009.98807,36.53171759935784,16.0,5283.0
K_Q+C_c+h_fc+h_amb,grillsim_heatup,3,2.062211756816615,True,False,127.481601617176,1.0000000001097793e-09,1.5136598695040417,19.600310004880377,1.0947475208970696e-09,127481601603.18115,40.46007544861847,18.0,6623.0
K_Q+C_c+h_fc+h_amb,grillsim_heatup,4,1.5878910113057865,True,False,185.8086876000745,1.0086425357773907e-09,2.184115394066399,28.69181303549993,1.5773313406580014e-09,184216589137.66336,37.84740139169452,17.0,6656.0
K_Q+C_c+h_fc+h_amb+theta,grillsim_heatup,0,1.137287676636082,True,False,173.1778202344182,1.1582263523788076e-09,1.9434644805173003,1.2361273123169485,1.4e-09,149519841159.49292,27.107924956064462,17.0,21.0
K_Q+C_c+h_fc+h_amb+theta,grillsim_heatup,1,1.137931213089558,True,False,220.97820700826657,4.532181137941716e-09,2.4391867896256514,1.0853544375340667,1.7570991729437806e-09,48757584986.68999,27.138050977014835,17.0,21.0
K_Q+C_c+h_fc+h_amb+theta,grillsim_heatup,2,1.137841582527504,True,False,146.42251205802916,2.7105742386554922e-08,1.6199940234341819,0.765583151475453,1.1669832525087224e-09,5401900083.380787,27.134302096914247,17.0,21.0
K_Q+C_c+h_fc+h_amb+theta,grillsim_heatup,3,1.1367406010486236,True,False,129.87685469404315,6.588330356871609e-09,1.4778042307076362,1.1620485355725567,1.0645559762220829e-09,19713166714.322693,27.082137205691424,17.0,21.0
K_Q+C_c+h_fc+h_amb+theta,grillsim_heatup,4,1.135499672517606,True,False,158.46779219621465,1.4825418879187251e-09,1.8590040149430518,2.0269583524122003,1.3391596737281859e-09,106889251148.70148,27.024988151221333,17.0,21.0
C_c+theta,grillsim_heatup,0,29.84040432710604,True,True,249.12996322495104,0.5,3.5,1.3,1.4e-09,498.2599264499021,46.1564191914259,23.0,29.0
C_c+theta,grillsim_heatup,1,47.340930816182755,True,True,185.34646119068535,0.5728336566376702,2.8421488928503353,0.71677486780838,8.678478595169476e-10,323.56070395479753,50.21004213487986,26.0,32.0
C_c+theta,grillsim_heatup,2,13.38861065121099,True,True,302.81958149388464,0.3797221037082786,3.7768578114055753,1.6855362105368537,1.664242696465263e-09,797.4768351292125,39.820335444341346,20.0,26.0
C_c+theta,grillsim_heatup,3,99.85620299862245,True,True,121.41720600766149,0.6928237610215724,2.4205386320638005,1.5744930080319588,1.8498990251286205e-09,175.24977178702872,87.47223249441761,34.0,0.0
C_c+theta,grillsim_heatup,4,94.3813804065812,True,True,113.85041072506442,0.5959793137137417,2.108316699154862,0.8423753043130835,1.3489872977558345e-09,191.0308094682437,80.31354874576358,33.0,17.0
K_Q+C_c,grillsim_heatup,0,6.041613882595019,True,True,365.43059377732664,0.5,4.463331410957345,1.3,1.4e-09,730.8611875546533,50.0,25.0,39.0
K_Q+C_c,grillsim_heatup,1,1.2583417964024388,True,True,299.9554991436368,0.3758870033602335,3.4179323819700413,1.0506190920396656,1.0704733686431966e-09,797.9938025581924,23.845258147840422,16.0,23.0
K_Q+C_c,grillsim_heatup,2,4.969363569584828,True,True,262.8541421492414,0.3135679377517481,3.1622054681979885,1.3369506546096943,1.1384144517545342e-09,838.2685552415858,47.59376223741083,23.0,36.0
K_Q+C_c,grillsim_heatup,3,1.5250634023252672,True,True,369.7292868276354,0.5276722059297067,4.26549029053311,1.7622052890289637,1.124442500989583e-09,700.6798589594248,30.594197960635068,18.0,26.0
K_Q+C_c,grillsim_heatup,4,5.856827157577506,True,True,519.5205002629683,0.6339378027271857,6.249941589772183,1.744817501937333,2.2054155063839296e-09,819.5133623961266,52.62091918675441,24.0,38.0
K_Q+C_c+theta,grillsim_heatup,0,1.245708319590071,True,True,400.2198340096359,0.5,4.512500428538814,1.3,1.4e-09,800.4396680192718,26.92419191088325,17.0,23.0
K_Q+C_c+theta,grillsim_heatup,1,1.2577318293840967,True,True,419.48430808689534,0.5587486901049642,4.697850187931741,0.7098080675589629,1.3160816330169691e-09,750.756673824314,26.013464430919495,17.0,23.0
K_Q+C_c+theta,grillsim_heatup,2,1.3125348695543675,True,True,421.17224671836124,0.5852732529132325,4.83274927888227,1.0838611762779162,1.3156513312905277e-09,719.6164263819528,20.620898620314318,16.0,22.0
K_Q+C_c+theta,grillsim_heatup,3,1.25316987117717,True,True,413.5158635303975,0.5346150717635444,4.6721828010644675,1.1421713097697896,1.3869497787836207e-09,773.4833628358535,25.461036103459637,17.0,23.0
K_Q+C_c+theta,grillsim_heatup,4,1.2394701185103003,True,True,323.5207549933724,0.3706382941729087,3.6243010158513647,1.2289772743828349,1.2389944051253919e-09,872.8746059964457,28.875051651284352,17.0,23.0
K_Q+C_c+h_fc+theta,grillsim_heatup,0,1.245708305126799,True,True,400.2199461439063,0.5,4.512500484043103,1.300675199156674,1.4e-09,800.4398922878127,26.92767988515855,17.0,23.0
K_Q+C_c+h_fc+theta,grillsim_heatup,1,1.253449085519893,True,True,305.50908384054037,0.4046744178282331,3.4674523180057637,1.2004480417082797,1.0000046664548004e-09,754.9503264380202,26.90874301306589,17.0,23.0
K_Q+C_c+h_fc+theta,grillsim_heatup,2,1.2604821535166242,True,True,248.23655865489977,0.3595031546825435,2.937652345896438,2.3396445426073518,7.855430627415013e-10,690.4989717659172,26.856695047369946,17.0,23.0
K_Q+C_c+h_fc+theta,grillsim_heatup,3,1.1724656019198259,True,True,703.6880990955866,0.3380169657367537,7.652717069214329,0.6884210280962725,4.261719408863118e-09,2081.8129574111854,27.100392223321254,17.0,22.0
K_Q+C_c+h_fc+theta,grillsim_heatup,4,1.27273047758658,True,True,400.21455925479086,0.5992769023582326,4.585341378990648,1.8638927205103129,1.084983050890878e-09,667.8291081800324,26.870547722877596,17.0,23.0
K_Q+C_c+sigma+theta,grillsim_heatup,0,1.1392740809167896,True,False,4274564.447554643,0.5,45563.822242925664,1.3,3.282061999801307e-05,8549128.895109287,27.07882166058892,17.0,21.0
K_Q+C_c+sigma+theta,grillsim_heatup,1,1.1597141878676283,True,False,9517882.767811099,0.45464425289685856,101505.26741650267,0.9622328149043584,7.312500453960859e-05,20934791.778772015,23.30647497682849,17.0,21.0
K_Q+C_c+sigma+theta,grillsim_heatup,2,1.1465727853944014,True,False,10987088.14273098,0.5648568713060689,117139.08398820626,1.2136714554957144,8.438340485974238e-05,19451101.156522185,24.8522212178132,17.0,21.0
K_Q+C_c+sigma+theta,grillsim_heatup,3,1.1429682824772207,True,False,14220337.361597158,0.49406430696420905,151576.9248613009,1.204636285367953,0.00010918860119023449,28782361.245592482,28.89380986397955,17.0,21.0
K_Q+C_c+sigma+theta,grillsim_heatup,4,1.1560840904297678,True,False,18221668.456308294,0.6243059348897305,194252.37278694072,1.8171167699745694,0.00013993345554233727,29187081.90644822,30.80716473983804,17.0,21.0
K_Q+C_c+h_fc+sigma+theta,grillsim_heatup,0,1.1460323291043277,False,False,4428.083440165977,0.5,47.44690642452947,1.3250785526910211,3.232852251092192e-08,8856.166880331954,27.198422517114206,17.0,21.0
K_Q+C_c+h_fc+sigma+theta,grillsim_heatup,1,1.1447921905061769,False,False,4912.4037413419555,0.45741487165103073,52.59392320579801,1.2830122587635153,3.61938359957333e-08,10739.492845107381,27.169213713786856,17.0,21.0
K_Q+C_c+h_fc+sigma+theta,grillsim_heatup,2,1.1444049971018797,False,False,3304.7634285253516,0.28845000762673106,35.39585196157285,1.1326800266900223,2.443031937497825e-08,11456.971194820986,27.19715490195093,17.0,21.0
K_Q+C_c+h_fc+sigma+theta,grillsim_heatup,3,1.142774451882016,False,False,4507.0570314255565,0.2728632203087282,48.21536400683951,1.249341848653926,3.3722704830725394e-08,16517.64215904985,27.195254360527468,17.0,21.0
K_Q+C_c+h_fc+sigma+theta,grillsim_heatup,4,1.1480727225881975,False,False,2673.0056449932486,0.38732057365915645,28.680381121793864,0.9785968178288704,1.9226826130771764e-08,6901.274620504677,27.152482780237644,17.0,21.0
h_amb,grillsim_step,0,16.83641035825266,True,True,320.0,0.21914911543850032,3.5,1.3,1.4e-09,1460.1929802897214,50.0,26.0,43.0
h_amb,grillsim_step,1,17.25146063104622,True,True,208.8939088074568,0.21089352089062097,3.1286718413354158,0.7586191064961152,1.2946276253278956e-09,990.5183806751405,51.623248444059755,28.0,40.0
h_amb,grillsim_step,2,51.07724967246326,True,False,331.1811040828237,1.0000000051945307e-09,2.1802415806942648,1.165030818431859,2.3486342914743372e-09,331181102362.4933,61.696458097580134,35.0,45.0
h_amb,grillsim_step,3,19.690657782078905,True,True,380.3596431355171,0.2779346246531507,3.7331509897741046,1.0295832416934347,1.2626202857515757e-09,1368.521981060071,48.913482001860544,25.0,44.0
h_amb,grillsim_step,4,48.06794647408197,True,False,482.0149084841812,1.0000012332993782e-09,2.318227536247084,1.530050079144212,1.8362575084280782e-09,482014314016.2275,45.38535089507526,29.0,35.0
h_amb+theta,grillsim_step,0,15.243139352408976,True,True,320.0,0.22459717697742143,3.5,1.3,1.4e-09,1424.7730283456294,23.267257481688222,15.0,21.0
h_amb+theta,grillsim_step,1,12.839158584032106,True,True,223.28846272802807,0.10460238523769237,2.4671734469165436,1.0000948401086382,1.2059514454646262e-09,2134.6402591168485,22.41188946927607,16.0,21.0
h_amb+theta,grillsim_step,2,16.620205125145855,True,True,404.72475997678384,0.3936249333830236,4.8247291342261835,1.481635164151249,1.6424842460453382e-09,1028.1989926257017,25.888824139828365,16.0,23.0
h_amb+theta,grillsim_step,3,16.899482641806124,True,True,329.0148653826641,0.3632833274792265,4.432685243198631,1.4863091852107053,1.5589910958475555e-09,905.6701491523253,34.14332411711029,19.0,25.0
h_amb+theta,grillsim_step,4,22.72735500730309,True,True,237.41868550493635,0.4521682818403341,3.7223222262077655,2.558394378893769,7.860087525482119e-10,525.067093469355,43.68257096730262,20.0,28.0
K_Q+h_amb,grillsim_step,0,16.824846055535986,True,True,320.0,0.231174738116014,3.5609050617127114,1.3,1.4e-09,1384.234292240917,50.0,26.0,43.0
K_Q+h_amb,grillsim_step,1,13.111284956094876,True,True,419.318285819044,0.16964659436724058,4.334608611220033,1.3731875466531311,2.14863678322947e-09,2471.7164961845883,28.63752347574905,17.0,23.0
K_Q+h_amb,grillsim_step,2,20.28231420856243,True,True,351.50304337720405,0.4111653816888702,3.9538097552779337,0.9544717776717407,9.598937801404426e-10,854.8945485959887,40.430866242811,22.0,36.0
K_Q+h_amb,grillsim_step,3,11.107925623048333,True,True,409.7118410487541,0.06401924819998864,4.370628641615918,1.414779229161343,2.616612285305412e-09,6399.822749696501,42.968112159771024,23.0,34.0
K_Q+h_amb,grillsim_step,4,13.002360334570836,True,True,276.3654132026224,0.10974900018419631,2.9338124995430377,0.9300286062664778,1.4768486067069952e-09,2518.158823668433,32.9215570955056,20.0,29.0
K_Q+h_amb+theta,grillsim_step,0,15.16050692131911,True,True,320.0,0.19440048344299704,3.3453273586924603,1.3,1.4e-09,1646.0864414148014,21.113487930303815,14.0,20.0
K_Q+h_amb+theta,grillsim_step,1,11.215090073494402,True,True,216.89896249240775,0.044218562388899985,2.289869898919391,1.580072799699534,1.3216161666126252e-09,4905.156359105312,22.462377753396837,15.0,20.0
K_Q+h_amb+theta,grillsim_step,2,8.622785371974604,True,False,299.44725242708705,1.0000000000583765e-09,3.2017129034939793,1.1456249276287582,2.1379040306556397e-09,299447252409.6064,25.218312493349913,16.0,21.0
K_Q+h_amb+theta,grillsim_step,3,13.19564845669388,True,True,121.72174203548471,0.049973021207740616,1.2839320144546942,0.864737416991555,6.36810863316806e-10,2435.7491120955183,22.200304736879037,15.0,20.0
K_Q+h_amb+theta,grillsim_step,4,17.25125096255021,True,True,268.914860122759,0.22448486765995618,2.8691058206735347,1.582581663646551,9.733890587514956e-10,1197.9197659331953,21.71010757581413,14.0,19.0
C_c+h_amb+theta,grillsim_step,0,14.925599645878888,True,True,293.7991286165079,0.23339517197341236,3.5,1.3,1.4e-09,1258.80551055262,27.776326573806383,17.0,23.0
C_c+h_amb+theta,grillsim_step,1,11.732967180993434,True,True,288.63734438318335,0.12504444686962693,3.36315090069895,1.7268066618896665,1.748077595759433e-09,2308.277989218671,32.43022508167029,17.0,22.0
C_c+h_amb+theta,grillsim_step,2,7.923665795327062,True,False,141.65262804227888,1.0000000162348264e-09,1.7750286245211846,1.1182446032725095,1.2292477993862413e-09,141652625742.5731,26.535914592123998,18.0,22.0
C_c+h_amb+theta,grillsim_step,3,16.419887108501513,True,True,354.90373702211383,0.33600717859458484,4.204450777689504,1.1522646109063204,1.4604600337258747e-09,1056.2385556956476,27.74753080619762,17.0,23.0
C_c+h_amb+theta,grillsim_step,4,18.208974782550474,True,True,352.4763769228214,0.4065967217828454,4.261843366054118,1.5573561901838828,1.2213881024111213e-09,866.8942911720559,25.113035782121305,16.0,23.0
K_Q+C_c+h_amb,grillsim_step,0,9.27633877885826,True,False,159.27723454982572,1.0000000000000722e-09,2.0278661482805527,1.3,1.4e-09,159277234549.8142,50.0,25.0,34.0
K_Q+C_c+h_amb,grillsim_step,1,8.74586507469673,True,False,158.07383466662554,1.0000000000324865e-09,2.035791848344053,1.5315073580341523,1.4042271909442289e-09,158073834661.49026,44.10204182483953,24.0,32.0
K_Q+C_c+h_amb,grillsim_step,2,9.869252363039996,True,False,158.58375620187937,1.0000000410769274e-09,2.059519891116354,1.3587510863256478,1.4229814065063204e-09,158583749687.74622,53.85720767097948,27.0,37.0
K_Q+C_c+h_amb,grillsim_step,3,8.146609873653734,True,False,171.13526631135673,1.0000000000055083e-09,2.0615714187073775,1.536725166045358,1.420089731804279e-09,171135266310.41406,41.37862020341681,20.0,27.0
K_Q+C_c+h_amb,grillsim_step,4,7.970885200361799,True,False,199.815320118861,1.0000000000075233e-09,2.3888775813663012,1.4144891460608493,1.6439534732733132e-09,199815320117.35773,35.856493214053906,19.0,25.0
K_Q+C_c+h_amb+theta,grillsim_step,0,7.9110871086997925,True,False,169.73618017533386,1.0000000001485863e-09,2.036330394590851,1.3,1.4e-09,169736180150.11337,30.479336766813674,18.0,22.0
K_Q+C_c+h_amb+theta,grillsim_step,1,7.909810837558823,True,False,144.9336566574131,1.000000008178549e-09,1.76658265020958,1.6963372826776288,1.2145694172393937e-09,144933655472.0661,31.518232958061194,18.0,22.0
K_Q+C_c+h_amb+theta,grillsim_step,2,7.910998682456952,True,False,174.64458424077193,1.0000000000012625e-09,2.09404866277733,1.4112757050786746,1.4396956534027052e-09,174644584240.55142,30.897289077262812,18.0,22.0
K_Q+C_c+h_amb+theta,grillsim_step,3,7.897881532188652,True,False,178.16885808687704,1.0000000001069558e-09,2.1587299822379857,0.8157155669666496,1.4843156475834799e-09,178168858067.82086,24.34804184150869,17.0,22.0
K_Q+C_c+h_amb+theta,grillsim_step,4,7.907820578904016,True,False,145.60105795315815,1.0000000002174536e-09,1.8014735010617102,1.3552975797636178,1.238488352092278e-09,145601057921.49667,28.590211007987858,18.0,22.0
K_Q+C_c+h_fc+h_amb,grillsim_step,0,8.548206783930265,True,False,162.09750790910604,1.0000000000000036e-09,2.0294824368091158,17.072058630656613,1.4e-09,162097507909.10547,50.0,21.0,8630.0
K_Q+C_c+h_fc+h_amb,grillsim_step,1,8.314671656246386,True,False,190.2100638543447,1.0000000000000003e-09,2.327023841278113,14.525962133776597,1.6043099317006014e-09,190210063854.34464,47.2391997476284,20.0,7980.0
K_Q+C_c+h_fc+h_amb,grillsim_step,2,7.955968971046774,True,False,143.3956346205055,1.0000000000000003e-09,1.7240783869990006,11.564509157380238,1.1868394033499268e-09,143395634620.50546,40.60195682401782,18.0,7871.0
K_Q+C_c+h_fc+h_amb,grillsim_step,3,7.897792004409769,True,False,214.30836451612853,1.0000000000000003e-09,2.5402674599071453,16.37656521857512,1.7470244661785386e-09,214308364516.12848,36.636503961750755,16.0,7677.0
K_Q+C_c+h_fc+h_amb,grillsim_step,4,8.850211572063879,True,False,120.44116561847875,1e-09,1.5394139743988815,15.433007252929634,1.0625907296534859e-09,120441165618.47874,53.009548792826536,22.0,9151.0
K_Q+C_c+h_fc+h_amb+theta,grillsim_step,0,7.897671489476944,True,False,169.47359124833326,1.0000000000000003e-09,2.035610804325292,17.1111865458186,1.4e-09,169473591248.33322,36.76701633431621,16.0,8124.0
K_Q+C_c+h_fc+h_amb+theta,grillsim_step,1,7.772910310676493,True,False,231.683599293883,1.000000000000011e-09,2.8749351915193246,0.3039558891527956,1.98566124993352e-09,231683599293.88043,2.476145809282239,6.0,11.0
K_Q+C_c+h_fc+h_amb+theta,grillsim_step,2,7.897608200126953,True,False,87.30197720352974,1e-09,1.0647590252423464,11.327993519405165,7.32291682667268e-10,87301977203.52974,36.76696683241004,16.0,8626.0
K_Q+C_c+h_fc+h_amb+theta,grillsim_step,3,7.8975173068139854,True,False,124.55403275926811,1e-09,1.5520282249270496,21.102714934547038,1.0674124611002014e-09,124554032759.2681,36.767099543967554,16.0,9291.0
K_Q+C_c+h_fc+h_amb+theta,grillsim_step,4,7.897538905979929,True,False,119.05787401759231,1.0000000000000003e-09,1.476070448256907,19.06865069744656,1.0151724719087978e-09,119057874017.59229,36.7670972607802,16.0,9134.0
C_c+theta,grillsim_step,0,40.80056196353572,True,True,230.10857014742345,0.5,3.5,1.3,1.4e-09,460.2171402948469,33.0688002690245,18.0,20.0
C_c+theta,grillsim_step,1,48.456053728181196,True,True,242.11485819419988,0.6835825650372915,3.978149315822756,1.0724835147588951,1.4071313453348766e-09,354.1852448811239,22.757793274557514,17.0,18.0
C_c+theta,grillsim_step,2,40.47998611781508,True,True,187.89861911759823,0.3452948316660872,2.8992268602546862,1.9620400477990834,1.502173458072857e-09,544.16864049475,34.386139596807936,18.0,19.0
C_c+theta,grillsim_step,3,76.45705718018534,True,True,193.13808183702557,0.8078723730508404,3.2261094946346693,0.7980264188347819,1.3750351846016075e-09,239.07004160528604,34.00336801381859,20.0,19.0
C_c+theta,grillsim_step,4,20.030720962976613,True,True,277.7772912681376,0.40498808960909966,3.6676527065909,1.1966517285007858,1.034839467138847e-09,685.8900258924954,24.830281875093267,16.0,22.0
K_Q+C_c,grillsim_step,0,19.446791895263086,True,True,388.193617204361,0.5,4.989973429134014,1.3,1.4e-09,776.387234408722,50.0,25.0,39.0
K_Q+C_c,grillsim_step,1,19.520373190068447,True,True,390.9988913858466,0.5200099016364509,5.010294481844099,1.3084797574980238,1.3320559488155047e-09,751.9066274611085,42.50679771389629,23.0,36.0
K_Q+C_c,grillsim_step,2,20.452837904948467,True,True,399.99356743157,0.54663182326029,5.259366074780871,2.1678291816625763,1.4006719524089357e-09,731.7421899183956,58.488343005557084,27.0,44.0
K_Q+C_c,grillsim_step,3,21.70706205197446,True,True,558.5511602765694,0.822261567174597,7.243169863557336,1.078759569786107,1.6550160042582626e-09,679.2864735194026,59.09460721361478,27.0,46.0
K_Q+C_c,grillsim_step,4,22.04961681907632,True,True,320.405629372868,0.4446070721972309,4.373374572198118,1.2985179420139574,1.2073713420793117e-09,720.648971662632,72.98605136900605,33.0,57.0
K_Q+C_c+theta,grillsim_step,0,18.486121815405728,True,True,412.80563188829865,0.5,5.007900660006737,1.3,1.4e-09,825.6112637765973,26.61543243263496,16.0,23.0
K_Q+C_c+theta,grillsim_step,1,22.843145539194023,True,True,406.4465480598403,0.6701636015245246,4.939686382047118,1.1261782082035945,6.839261399001456e-10,606.4885456853127,23.265134582638076,15.0,22.0
K_Q+C_c+theta,grillsim_step,2,19.342164482540817,True,True,532.8385326260799,0.6870458376391361,6.419157891274083,0.8188035564503325,1.6112367186490904e-09,775.5501939390949,24.098068218412728,16.0,22.0
K_Q+C_c+theta,grillsim_step,3,17.972257300821877,True,True,229.7555820522101,0.26939081412212385,2.8205277134846423,1.6751253168006484,8.373162402441822e-10,852.8708850037262,29.148846821296758,16.0,22.0
K_Q+C_c+theta,grillsim_step,4,21.077326953620013,True,True,598.3685930963048,0.8821238391410424,7.269348807042408,1.4327415712579241,1.413773889232009e-09,678.3271991367551,23.37340739343797,16.0,22.0
K_Q+C_c+h_fc+theta,grillsim_step,0,18.474841759067733,True,True,412.0884452049958,0.5,5.006568438197403,17.639576620242927,1.4e-09,824.1768904099916,33.13853063677119,15.0,6454.0
K_Q+C_c+h_fc+theta,grillsim_step,1,16.27008351516869,True,True,360.41486138159274,0.35660678821112124,4.404251256858479,22.31125579955642,1.565116132619872e-09,1010.678633431445,34.12860677213599,15.0,6879.0
K_Q+C_c+h_fc+theta,grillsim_step,2,17.969067839911894,True,True,292.74926414697916,0.34224128910226276,3.5802543240242155,16.711780772812894,1.0622471074044572e-09,855.3885035756301,33.37607242610204,15.0,6731.0
K_Q+C_c+h_fc+theta,grillsim_step,3,21.103988298681802,True,True,334.42760675658405,0.4989145902625166,4.100878893222594,19.18558597846521,7.931714246473089e-10,670.3103362453611,31.80352413208782,14.0,6637.0
K_Q+C_c+h_fc+theta,grillsim_step,4,19.480578675751744,True,True,710.3139233242566,0.940711455979854,8.687272958722565,38.12503514837147,2.138703763440848e-09,755.0816127612552,32.64768929023547,15.0,6623.0
K_Q+C_c+sigma+theta,grillsim_step,0,7.914172690177902,True,False,229197640.31528842,0.5,2609383.849499665,1.3,0.001794019007443676,458395280.63057685,30.11512219558931,18.0,22.0
K_Q+C_c+sigma+theta,grillsim_step,1,7.913514423053492,True,False,591422263.5278556,0.2155258199286466,6732997.786911963,1.3804657527570303,0.004629134026425423,2744090075.7211165,28.178991854853667,18.0,22.0
K_Q+C_c+sigma+theta,grillsim_step,2,7.907874181908816,True,False,224850704.79128712,0.40535234159877864,2561838.316837622,1.3819203802609594,0.0017615634591277424,554704344.1378374,33.996524026624385,17.0,22.0
K_Q+C_c+sigma+theta,grillsim_step,3,7.910230854573341,True,False,640065449.406789,0.35317901047954586,7290719.585740523,1.7850960098095607,0.005012985380561905,1812297533.0207453,33.072101497643395,18.0,22.0
K_Q+C_c+sigma+theta,grillsim_step,4,7.9062184414756995,True,False,311711034.2083561,0.5005562544206711,3550587.167328908,1.1150171809256282,0.0024414349968217525,622729276.5907423,24.810115725014782,18.0,22.0
K_Q+C_c+h_fc+sigma+theta,grillsim_step,0,7.897876987184002,True,False,803082574.5364434,0.5,9159232.705117129,18.029533889722163,0.0062993102676019855,1606165149.0728867,36.76714663411656,16.0,5490.0
K_Q+C_c+h_fc+sigma+theta,grillsim_step,1,7.89788366949078,True,False,638284980.5928713,0.9301038419161909,7279701.848570544,16.404691081237168,0.0050066510194715095,686251310.6900868,36.76717665722258,16.0,5490.0
K_Q+C_c+h_fc+sigma+theta,grillsim_step,2,7.8978754326211815,True,False,439787252.0466117,0.18842590208590437,5015815.274425103,20.40380070516433,0.0034496535924244554,2334006350.390778,36.76716435325941,16.0,5490.0
K_Q+C_c+h_fc+sigma+theta,grillsim_step,3,7.897880330674813,True,False,625825349.0314281,0.6509752901505054,7137597.467941999,13.460836871645258,0.0049089189585519,961365751.5122231,36.767155510579386,16.0,5490.0
K_Q+C_c+h_fc+sigma+theta,grillsim_step,4,7.897874027618139,True,False,2269449472.1285915,0.5740844601951359,25883286.414370578,21.07634998810485,0.017801369491048772,3953163043.91376,36.76716405875207,16.0,5490.0
h_amb,grillsim_hold,0,4.725712083467871,True,True,320.0,0.20023679561359167,3.5,1.3,1.4e-09,1598.1078753253832,50.0,26.0,43.0
h_amb,grillsim_hold,1,16.433700522993558,True,True,147.02118782048797,0.12741430172699353,3.1054748582384315,1.0074822171906301,1.5567538451413839e-09,1153.8829301557173,32.69094419972041,18.0,35.0
h_amb,grillsim_hold,2,5.608835235429146,True,True,373.8140939021516,0.2660503855857278,3.5589403525857106,2.612635368845968,1.0973372768489327e-09,1405.0499986277966,25.81250414077904,15.0,24.0
h_amb,grillsim_hold,3,12.451141322182739,True,True,212.83425914543096,0.25233837167635687,3.719799375592682,0.9932047868163756,1.378537546694421e-09,843.4478582528347,34.68187961765135,20.0,42.0
h_amb,grillsim_hold,4,9.159557094451415,True,True,254.47573611650972,0.24000159293779783,3.406088969466399,0.8615546362653524,1.1856941823447422e-09,1060.3085296290647,78.58593028510522,36.0,63.0
h_amb+theta,grillsim_hold,0,1.5795841130139319,True,True,320.0,0.20027881551233276,3.5,1.3,1.4e-09,1597.7725810960524,26.512278648904186,17.0,24.0
h_amb+theta,grillsim_hold,1,10.288335511228592,True,True,355.43430174550235,0.13076557381660978,2.8713023429249906,1.906275529183386,1.2454900944945014e-09,2718.103024913697,4.832355242079579,5.0,5.0
h_amb+theta,grillsim_hold,2,6.648460346626896,True,False,200.8220326675939,1.0000000055381345e-09,2.5619174113432894,1.563797812043029,1.8515862312229588e-09,200822031555.4145,41.79211416826594,20.0,25.0
h_amb+theta,grillsim_hold,3,11.447661039230141,True,True,317.7003335150723,0.3656952558905134,5.245196158588593,1.6126781141299447,1.8954670644713575e-09,868.7570549457431,63.507413954839144,25.0,36.0
h_amb+theta,grillsim_hold,4,23.020665564493278,True,False,380.4180094547421,1.0129370594866554e-09,2.1394776629143455,1.295708421799857,1.4478278751427386e-09,375559375473.47064,2.2380360531651533,2.0,9.0
K_Q+h_amb,grillsim_hold,0,4.059768977622433,True,True,320.0,0.2418909752296071,3.7694655461691786,1.3,1.4e-09,1322.910041171443,50.0,25.0,42.0
K_Q+h_amb,grillsim_hold,1,7.34832578714584,True,True,345.7299616302698,0.12245217173175893,4.314204624419497,1.5802409287338866,2.3425343301003335e-09,2823.3877500157237,71.5000173695048,33.0,53.0
K_Q+h_amb,grillsim_hold,2,2.828551161670972,True,True,354.1876579519948,0.3808147791707146,4.094594633087009,2.2215678459213923,9.596862790899442e-10,930.0785508464124,43.99609402859398,22.0,37.0
K_Q+h_amb,grillsim_hold,3,1.9630794129947655,True,True,313.3809262305329,0.27191851184157484,3.591593103198738,1.5609993547324876,1.132059359524623e-09,1152.481028629323,35.95357720651846,20.0,31.0
K_Q+h_amb,grillsim_hold,4,8.307318341545363,True,True,340.29356461908355,0.39152794533224883,4.160784508729456,0.9098995571003742,9.688210165160259e-10,869.1424678008922,76.82606395045529,34.0,66.0
K_Q+h_amb+theta,grillsim_hold,0,1.408906708931269,True,True,320.0,0.2131556860169374,3.583355162824238,1.3,1.4e-09,1501.25012369866,28.201239298955883,17.0,25.0
K_Q+h_amb+theta,grillsim_hold,1,1.4316479922724488,True,True,239.11756384787134,0.19114351262777068,2.7154695189012816,1.3650495038617754,9.213419054531609e-10,1250.9844595852146,27.88768838703895,17.0,25.0
K_Q+h_amb+theta,grillsim_hold,2,16.17703206497454,True,False,184.53869537073618,1e-09,4.320036149316873,0.7809854779792832,3.130194414858425e-09,184538695370.73618,87.86401844173128,33.0,31.0
K_Q+h_amb+theta,grillsim_hold,3,1.3547223891059017,True,True,320.75303912523594,0.08789818190080766,3.522784805095157,2.1102131154240023,1.9498304052715912e-09,3649.143044701459,33.51882951406498,16.0,23.0
K_Q+h_amb+theta,grillsim_hold,4,1.358356569072958,True,True,230.59520450510942,0.08650691342675153,2.578895358523266,0.9878039063879043,1.322875163739705e-09,2665.6274668771134,28.50111614714501,17.0,24.0
C_c+h_amb+theta,grillsim_hold,0,1.4048528551915844,True,True,312.32246050016516,0.20129909274618574,3.5,1.3,1.4e-09,1551.534367290799,28.24248723176619,17.0,25.0
C_c+h_amb+theta,grillsim_hold,1,1.469533286756153,True,True,479.9432579342655,0.46859909730604643,5.363295523997795,1.3593582126974413,1.3905374437914911e-09,1024.2086694008506,26.810914719319076,17.0,26.0
C_c+h_amb+theta,grillsim_hold,2,1.3997129708984988,True,True,433.87993556554704,0.26520515317660254,4.826690648749195,1.3867136196256644,1.989109521739039e-09,1636.0162325979481,28.366860474346844,17.0,25.0
C_c+h_amb+theta,grillsim_hold,3,34.88274156773434,True,False,129.1250794896698,1.0000000000000003e-09,1.766965637370006,1.0616145512314563,1.84092765725367e-09,129125079489.66975,49.193353247739935,24.0,25.0
C_c+h_amb+theta,grillsim_hold,4,14.253871265535405,True,False,210.66225791820938,1.000000026172299e-09,2.607244941188354,1.019352233674382,2.0806268994041234e-09,210662252404.6939,37.843326119068685,20.0,24.0
K_Q+C_c+h_amb,grillsim_hold,0,3.8179544543138126,True,False,171.3604452549402,1.0004210231243651e-09,2.0755673408240902,1.3,1.4e-09,171288328907.53625,50.0,25.0,36.0
K_Q+C_c+h_amb,grillsim_hold,1,1.3775043973992576,True,False,97.81098316737271,1.0000000076132846e-09,1.185495377524757,1.2986685987739588,7.961275641044949e-10,97810982422.70987,30.755619267813916,19.0,24.0
K_Q+C_c+h_amb,grillsim_hold,2,2.4980877861269946,True,False,116.31657137111584,1.000006318684631e-09,1.422961769541029,1.7453522788658666,9.578724454670545e-10,116315836408.028,42.480444681765626,22.0,31.0
K_Q+C_c+h_amb,grillsim_hold,3,3.4830954774993397,True,False,169.41694446738953,1.0000516333792997e-09,2.0402339404290544,1.278976692250745,1.3754719098832985e-09,169408197349.6793,47.77400280347198,25.0,35.0
K_Q+C_c+h_amb,grillsim_hold,4,3.6740901024859616,True,False,213.98803858555414,1.0002529323428292e-09,2.5896189800453047,0.7791786371267989,1.7464159997917358e-09,213933927775.99112,41.68216924413357,25.0,36.0
K_Q+C_c+h_amb+theta,grillsim_hold,0,1.300007235223313,True,False,183.4907614741563,1.000008196215475e-09,2.086076198578173,1.3,1.4e-09,183489257556.66403,28.905708537262463,18.0,23.0
K_Q+C_c+h_amb+theta,grillsim_hold,1,1.3026333891468742,True,False,202.39857110599806,1.0000001689378196e-09,2.255572596421492,1.2363479911724253,1.5137644610630292e-09,202398536913.23053,30.95411289367862,17.0,22.0
K_Q+C_c+h_amb+theta,grillsim_hold,2,1.2998096831033064,True,False,197.56127190293157,1.0000034330306473e-09,2.278451071134362,1.7120139768055638,1.5291074202900664e-09,197560593671.3588,28.572994266600837,18.0,23.0
K_Q+C_c+h_amb+theta,grillsim_hold,3,1.3017039966095145,True,False,255.33320251320433,1.0000026098142406e-09,2.8796437988756076,1.0629037596244937,1.932605460135017e-09,255332536142.71542,26.21061930616226,17.0,22.0
K_Q+C_c+h_amb+theta,grillsim_hold,4,1.3085619501048298,True,False,154.49701333903096,1.0000000037310853e-09,1.8164791100558946,0.9807020653908042,1.2191519277200905e-09,154497012762.58942,23.589255766043717,17.0,22.0
K_Q+C_c+h_fc+h_amb,grillsim_hold,0,2.856950051539845,True,False,174.65532275941118,1.0764861603271017e-09,2.0783838184194576,17.127246540347173,1.4e-09,162245767011.38483,50.0,21.0,17959.0
K_Q+C_c+h_fc+h_amb,grillsim_hold,1,4.264751962846553,True,False,290.4403218029398,1.0003183728228712e-09,3.545222905687484,28.08515221867623,2.393280130341702e-09,290347882927.8374,59.297815615336646,24.0,17689.0
K_Q+C_c+h_fc+h_amb,grillsim_hold,2,1.3024533929343014,True,False,201.14440852999988,1.000000022776312e-09,2.275161022359259,1.8076715101226264,1.5269422979446857e-09,201144403948.67218,30.94080829737048,17.0,22.0
K_Q+C_c+h_fc+h_amb,grillsim_hold,3,5.631787335261746,True,False,190.94503933329216,1.0215838705210762e-09,2.352840155433849,12.852562729001736,1.5916015959973883e-09,186910781232.1835,68.26948190076098,27.0,16044.0
K_Q+C_c+h_fc+h_amb,grillsim_hold,4,1.443723230661058,True,False,187.99155963042273,3.253809009448272e-09,2.1626828625058607,18.193692470877945,1.452738232803913e-09,57775843352.98748,38.46995086495376,17.0,19492.0
K_Q+C_c+h_fc+h_amb+theta,grillsim_hold,0,1.2998858314500557,True,False,183.4804212448736,1.0008117065391476e-09,2.086074932610119,1.1969592771821307,1.4e-09,183331609778.38403,28.34189256830946,18.0,23.0
K_Q+C_c+h_fc+h_amb+theta,grillsim_hold,1,1.3001251428317973,True,False,324.074689676061,2.596474409590293e-09,3.556635551058452,0.5874496480118275,2.3869131124875562e-09,124813357866.75359,28.38255235093827,18.0,23.0
K_Q+C_c+h_fc+h_amb+theta,grillsim_hold,2,1.3000281742110078,True,False,261.60688244059054,1.01691717459181e-09,2.912940561979986,0.9867495793338745,1.954921055501463e-09,257254857108.29834,28.366519235098703,18.0,23.0
K_Q+C_c+h_fc+h_amb+theta,grillsim_hold,3,1.2993907699440925,True,False,88.37554710120101,1.0000084532545711e-09,1.0766883444586646,1.3329352257516673,7.22586772638226e-10,88374800046.51854,28.262679655607673,18.0,23.0
K_Q+C_c+h_fc+h_amb+theta,grillsim_hold,4,1.2987271881499418,True,False,130.93633975338315,1.0000782940700568e-09,1.737317562197228,3.2092902267168655,1.1659550422981799e-09,130926089016.99739,28.156853307949316,18.0,23.0
C_c+theta,grillsim_hold,0,47.19874204728227,True,True,251.58472956285038,0.5,3.5,1.3,1.4e-09,503.16945912570077,50.66148373336608,25.0,32.0
C_c+theta,grillsim_hold,1,50.73821581563369,True,True,255.20401795897928,0.530537079222029,3.568187403295582,1.3656223715210971,1.4860080609209667e-09,481.0295603338533,52.22538447702527,25.0,33.0
C_c+theta,grillsim_hold,2,51.967055960895,True,True,264.76016621219406,0.5417183068984631,3.7156157146561175,1.9436075652203462,1.6808073706038745e-09,488.7414046020404,54.56662105344053,25.0,32.0
C_c+theta,grillsim_hold,3,64.82332634056299,True,True,258.08089276745346,0.7000917159706268,3.601105469667351,1.8172275315110114,1.3648196806118015e-09,368.63868958889606,61.80233206215281,26.0,34.0
C_c+theta,grillsim_hold,4,96.71194448240036,True,True,113.21659509312019,0.46774649224944614,1.634879797706586,1.1342769293975443,1.3056096582749723e-09,242.04691423477854,69.3870194724372,33.0,0.0
K_Q+C_c,grillsim_hold,0,4.157411183620672,True,True,477.6338062855963,0.5,5.5753056022875,1.3,1.4e-09,955.2676125711926,50.0,25.0,44.0
K_Q+C_c,grillsim_hold,1,1.830334221777612,True,True,538.1883359348116,0.5663788919205709,6.095664672696412,1.8378854378750968,1.4258258077678318e-09,950.2266832540913,34.158809455724416,20.0,31.0
K_Q+C_c,grillsim_hold,2,3.09172384482417,True,True,762.4457284057157,0.6713536868358284,8.832345186258198,0.9752362313138605,2.781474433748533e-09,1135.684130967114,32.743988583278956,23.0,37.0
K_Q+C_c,grillsim_hold,3,7.811067874757616,True,True,292.79576130351876,0.31600352439409296,3.761128381052771,1.005304392296631,1.0550252355511819e-09,926.5585308421072,61.250282862736796,34.0,62.0
K_Q+C_c,grillsim_hold,4,1.670352314708561,True,True,403.07079340640473,0.45892893496668347,4.638094764730566,1.711622592115121,9.51889395500988e-10,878.2858579960015,29.18689259616863,19.0,30.0
K_Q+C_c+theta,grillsim_hold,0,1.4736403625752146,True,True,503.3696191671927,0.5,5.5978760932211165,1.3,1.4e-09,1006.7392383343854,27.88764203484993,17.0,26.0
K_Q+C_c+theta,grillsim_hold,1,1.4885837747716892,True,True,382.5164924282185,0.4119412939160131,4.303587258160327,1.6831177769417205,9.464572910581524e-10,928.5704008741748,28.227230967211554,17.0,26.0
K_Q+C_c+theta,grillsim_hold,2,1.426875881337607,True,True,673.8852477941857,0.4875084210318318,7.399989285984913,1.364761678250043,2.6683872789855904e-09,1382.3048356126437,31.25256644829803,17.0,25.0
K_Q+C_c+theta,grillsim_hold,3,1.5231298688600257,True,True,488.1039242928604,0.5963065984659713,5.429286196700483,1.3493780104178628,8.32892421623942e-10,818.5452341941751,28.808250740207015,17.0,27.0
K_Q+C_c+theta,grillsim_hold,4,1.4624803892543257,True,True,483.4874933069634,0.45608405887438674,5.414876709070845,1.4968837780893494,1.4842066687037187e-09,1060.0841750536254,26.73588978407754,17.0,26.0
K_Q+C_c+h_fc+theta,grillsim_hold,0,1.473631477448749,True,True,503.36616023801616,0.5,5.597875005255105,1.2722782410944027,1.4e-09,1006.7323204760323,27.7405782513236,17.0,26.0
K_Q+C_c+h_fc+theta,grillsim_hold,1,1.4040462531935536,True,True,446.66506635515515,0.2828346411754516,4.9521353227045015,1.1252487736824224,1.990283729168746e-09,1579.2445525725902,27.967628448902847,17.0,25.0
K_Q+C_c+h_fc+theta,grillsim_hold,2,1.507081302264484,True,True,544.4030177683983,0.628472156414971,6.071005613600669,1.482038027022849,1.111944915035306e-09,866.2325167655271,27.64434282444842,17.0,27.0
K_Q+C_c+h_fc+theta,grillsim_hold,3,1.5332814293632544,True,True,400.92176703370177,0.5084612900148506,4.454412852944501,0.8226973570243701,5.927091191188699e-10,788.5000783874659,27.57275477165516,17.0,28.0
K_Q+C_c+h_fc+theta,grillsim_hold,4,1.4821449563336164,True,True,435.18916691712997,0.4538175136781309,4.879028696063298,1.5684608391083934,1.135257447192759e-09,958.9518998285882,27.711867144367396,17.0,26.0
K_Q+C_c+sigma+theta,grillsim_hold,0,1.3002333314134085,True,False,7635369.231635694,0.5,82702.13640543255,1.3,5.5500273932886134e-05,15270738.463271389,28.572074726200867,18.0,23.0
K_Q+C_c+sigma+theta,grillsim_hold,1,1.305011790692076,True,False,43553483.989694096,0.5406416229335625,471824.89421260025,1.6373691150220169,0.0003166523867986446,80558880.67472419,31.88387681322469,17.0,22.0
K_Q+C_c+sigma+theta,grillsim_hold,2,1.3008231874265765,True,False,6102946.903979075,0.47549213619967967,66104.46213794216,1.477531850222547,4.436151406689398e-05,12835011.221754853,29.6475279286006,18.0,23.0
K_Q+C_c+sigma+theta,grillsim_hold,3,1.3004858506290053,True,False,10189126.960561432,0.4288211600634417,110363.07014132466,1.2388193507174405,7.406430176563164e-05,23760784.00388173,29.233874539799583,18.0,23.0
K_Q+C_c+sigma+theta,grillsim_hold,4,1.310091245425433,True,False,17382796.313603394,0.5114370840571614,188402.08191950258,0.7278877112798369,0.00012644532942219442,33988142.14977924,23.411735907116345,17.0,22.0
K_Q+C_c+h_fc+sigma+theta,grillsim_hold,0,1.3089475678352744,False,False,8640.692370314353,0.5,93.73513432192819,1.272561269073466,6.055031807945962e-08,17281.384740628706,28.38273377591501,18.0,23.0
K_Q+C_c+h_fc+sigma+theta,grillsim_hold,1,1.3143189024906938,False,False,4089.9572423518766,0.38026060155128083,44.427719072595,1.2072623187233833,2.8023742450804762e-08,10755.66920597825,28.39459406564809,18.0,23.0
K_Q+C_c+h_fc+sigma+theta,grillsim_hold,2,1.3084333127636616,False,False,7510.318209014172,0.40906261878763567,81.44685795685491,0.8021712688157105,5.273210986162601e-08,18359.825278762866,28.383616326039757,18.0,23.0
K_Q+C_c+h_fc+sigma+theta,grillsim_hold,3,1.3042570397835176,False,False,14419.226231892666,0.3889474570874294,156.4075099329566,2.4697820012614473,1.0313416584321854e-07,37072.4270570342,28.423355159682526,18.0,23.0
K_Q+C_c+h_fc+sigma+theta,grillsim_hold,4,1.3096199882309605,False,False,9834.006419921152,0.6117974824390255,106.62616760311273,0.6965343551412475,6.867473717823718e-08,16073.956990990484,28.334675303350885,18.0,23.0
h_amb,mak_heatup,0,131.68333023597162,True,True,320.0,0.58998805654701,3.5,1.3,1.4e-09,542.3838609087209,50.0,26.0,37.0
h_amb,mak_heatup,1,122.74529862958519,True,True,295.5012490541892,0.610522023286001,3.0211811349818736,1.6997506523939512,8.06103663441325e-10,484.0140695723284,73.35129967629032,34.0,58.0
h_amb,mak_heatup,2,141.65080830453226,True,True,258.22710912095596,0.4839103453514571,3.1547387412989636,1.3961226708834444,1.5919633500498484e-09,533.6259321618953,29.234606398208985,17.0,19.0
h_amb,mak_heatup,3,146.98391377752498,True,True,343.4218472918475,1.1835206861042153,4.45218426661509,0.796531620346763,1.6017999382379795e-09,290.16970410740026,30.219595748941085,18.0,18.0
h_amb,mak_heatup,4,149.37984312524833,True,True,369.06760031824746,1.9205817736899728,4.978891504508995,1.6020014568432903,6.517936272604391e-10,192.16448129108596,36.91066638455144,18.0,12.0
h_amb+theta,mak_heatup,0,33.227528713999114,True,True,320.0,0.5477396278908008,3.5,1.3,1.4e-09,584.2191868283013,644.0592320933333,167.0,331.0
h_amb+theta,mak_heatup,1,29.657452107711215,True,True,367.9868519169775,0.10461553694308452,2.7425802543840465,1.7170045893795423,2.025088980719195e-09,3517.516256855601,529.6659429199113,158.0,300.0
h_amb+theta,mak_heatup,2,30.282141478678376,True,True,510.27422701565524,0.42379545127504986,3.607832421952706,2.339207965152505,1.6553767806917877e-09,1204.05781959297,518.5472219488155,151.0,314.0
h_amb+theta,mak_heatup,3,34.86049208176058,True,True,506.5673533842273,1.353417117271853,6.341150954403909,1.485965191581153,1.4059095072881668e-09,374.2876803607591,682.6618095341078,167.0,348.0
h_amb+theta,mak_heatup,4,33.54185038325354,True,True,302.7118492558854,1.1937208072336787,6.164523192755891,1.6123051090163152,1.8211890970763846e-09,253.5868080890606,781.5926237611952,171.0,345.0
K_Q+h_amb,mak_heatup,0,62.77765036140703,True,False,320.0,1.000000000102664e-09,1.2903980798185954,1.3,1.4e-09,319999999967.1475,50.0,33.0,33.0
K_Q+h_amb,mak_heatup,1,38.308734456287894,True,False,531.2392538342983,1.0000000083662756e-09,1.7033005063035929,1.2033271729299486,1.124627968783381e-09,531239249389.8044,30.928537409688328,25.0,30.0
K_Q+h_amb,mak_heatup,2,25.11437828393246,True,False,365.2806278098466,1.0000000000092322e-09,1.136243171434786,0.9645103391822474,6.002741830826282e-10,365280627806.47424,71.11664991485084,45.0,76.0
K_Q+h_amb,mak_heatup,3,80.53260391916083,True,False,322.67206993426987,1.0000000030931067e-09,1.4614869695029473,1.483604257221525,2.0323379388664275e-09,322672068936.21075,37.307723462181116,27.0,20.0
K_Q+h_amb,mak_heatup,4,36.337643663247086,True,False,788.4683087139651,1.0000000019501106e-09,2.505360773738237,1.1598222544531556,1.6005970712539066e-09,788468307176.3647,35.42713551242014,28.0,35.0
K_Q+h_amb+theta,mak_heatup,0,26.014346127424474,True,False,320.0,1.0000000000054088e-09,1.721493944314128,1.3,1.4e-09,319999999998.26917,417.9788059564018,141.0,277.0
K_Q+h_amb+theta,mak_heatup,1,23.649477346921042,True,False,276.96259032316874,1.0000000000070102e-09,1.312765075124665,1.5513191174012266,9.906418221590746e-10,276962590321.2272,367.58993978630554,130.0,268.0
K_Q+h_amb+theta,mak_heatup,2,29.642501648330953,True,False,249.10117716343493,1.0000000228076534e-09,2.4582729380773523,1.237289418477035,2.2990572120863827e-09,249101171482.02176,624.690774933017,168.0,294.0
K_Q+h_amb+theta,mak_heatup,3,22.33823417151712,True,False,361.77955037146546,1.0000000000000892e-09,1.5941991975817693,0.7354388147198323,1.1488039455599751e-09,361779550371.43317,338.4788337359866,126.0,262.0
K_Q+h_amb+theta,mak_heatup,4,19.132190741182622,True,False,533.4782334883164,1.0000000002729238e-09,2.1038438359059715,1.8015135847518375,1.3536081894276047e-09,533478233342.7175,290.36078582406356,113.0,248.0
C_c+h_amb+theta,mak_heatup,0,9.293877963535095,True,False,1157.9611795236983,1.00000000000908e-09,3.5,1.3,1.4e-09,1157961179513.184,169.79552301680778,83.0,200.0
C_c+h_amb+theta,mak_heatup,1,13.218666281682799,True,False,1126.0979215031334,1.0000000798872917e-09,3.680131255752443,1.3221413757520537,1.844462408972393e-09,1126097831542.2275,205.91680557905644,93.0,215.0
C_c+h_amb+theta,mak_heatup,2,16.7129442634166,True,False,569.6220411220243,1.0000000000718368e-09,2.0221075848373413,1.7730762939440805,1.1961884182150952e-09,569622041081.1045,244.63703923266326,102.0,229.0
C_c+h_amb+theta,mak_heatup,3,2.188042442085922,True,False,1502.934873256238,1.0000000000000003e-09,3.9594014161821938,1.0763497892438267,7.938176367917171e-10,1502934873256.2375,107.19561741990775,65.0,168.0
C_c+h_amb+theta,mak_heatup,4,8.979994823568127,True,False,888.556748410743,1.0000000126180892e-09,2.66159171628462,0.40617882214669854,1.0385712436307137e-09,888556737198.8549,158.4611938283312,85.0,197.0
K_Q+C_c+h_amb,mak_heatup,0,5.274911323818345,True,False,13691.555173049706,1.0107295859372262e-09,32.20507096113772,1.3,1.4e-09,13546209949275.248,50.0,38.0,108.0
K_Q+C_c+h_amb,mak_heatup,1,2.7458487022898503,True,False,4251.629091481288,1.015472927362623e-09,10.415475312957547,0.9104452382813892,1.04662523722273e-09,4186846322455.4697,70.80828865892575,51.0,137.0
K_Q+C_c+h_amb,mak_heatup,2,5.717956922596459,True,False,13536.275825094643,1.1195062504332615e-09,31.631715439527692,1.6478706981307039,1.064143730897061e-09,12091290977478.645,47.68229456527236,35.0,105.0
K_Q+C_c+h_amb,mak_heatup,3,6.573437961864791,True,False,22063.03779733407,1.044634568682537e-09,50.897083624143114,0.7013042367742809,7.286106553170358e-10,21120340508317.023,34.108909369482845,31.0,95.0
K_Q+C_c+h_amb,mak_heatup,4,4.142326454613794,True,False,5436.154598028151,1.0068265817425525e-09,13.023044180271185,1.6635214678895514,8.963577957942748e-10,5399295863463.988,61.91326156907508,43.0,122.0
K_Q+C_c+h_amb+theta,mak_heatup,0,1.3242172427235177,True,False,3648.815195697855,1.0000001798136021e-09,9.266266790969068,1.3,1.4e-09,3648814539591.369,99.23630872337708,59.0,164.0
K_Q+C_c+h_amb+theta,mak_heatup,1,1.3237470404210794,True,False,4258.999370351224,1.0000327047064494e-09,10.805719506540026,0.9336804127577581,1.6324882879733484e-09,4258860085582.316,99.14250711242865,59.0,164.0
K_Q+C_c+h_amb+theta,mak_heatup,2,1.3306119650250678,True,False,3366.0577776914743,1.0000000205793728e-09,8.547622602327229,1.3446127643696921,1.2925152938795295e-09,3366057708420.118,100.44714154327139,59.0,164.0
K_Q+C_c+h_amb+theta,mak_heatup,3,1.3234056249847153,True,False,2857.993533637092,1.0000000722013976e-09,7.263805809693208,1.3262896776481532,1.097339613719377e-09,2857993327285.979,99.07693201729872,59.0,164.0
K_Q+C_c+h_amb+theta,mak_heatup,4,1.341888248202452,True,False,6606.378290569309,1.0318439574792919e-09,16.772323984916415,3.2446607010505626,2.540004071095814e-09,6402497434503.697,102.39908639520574,58.0,165.0
K_Q+C_c+h_fc+h_amb,mak_heatup,0,1.5083970048456532,True,False,3581.9500958967524,1.000038571060239e-09,9.116639602446325,0.1578633599238289,1.4e-09,3581811941612.588,50.0,54.0,176.0
K_Q+C_c+h_fc+h_amb,mak_heatup,1,1.7324735735563637,True,False,2229.0546857101085,1.0002075022148605e-09,5.70515448555147,0.121454507552712,9.041083079569631e-10,2228592247882.652,35.35184442102969,48.0,191.0
K_Q+C_c+h_fc+h_amb,mak_heatup,2,1.7337789498580745,True,False,2514.9120321424057,1.0000054382427287e-09,6.428082068433907,0.09028374202349869,1.0188443188546415e-09,2514898355514.7104,35.28066987212716,48.0,191.0
K_Q+C_c+h_fc+h_amb,mak_heatup,3,1.2908777549121568,True,False,2356.4527356563744,1.0000000020778149e-09,5.9896622638574915,0.366513386472595,8.996285620284504e-10,2356452730760.102,79.82328204756877,61.0,160.0
K_Q+C_c+h_fc+h_amb,mak_heatup,4,1.9062841387660676,True,False,2881.7329280488466,1.000006982501426e-09,7.390542690914073,0.08347536269881736,1.2027511643837766e-09,2881712806485.066,26.148815174486412,43.0,202.0
K_Q+C_c+h_fc+h_amb+theta,mak_heatup,0,1.2865746235367643,True,False,3666.426353026281,2.6426583993376613e-06,9.306002995843617,0.42368955623909205,1.4e-09,1387400790.7890065,84.76176161088904,61.0,160.0
K_Q+C_c+h_fc+h_amb+theta,mak_heatup,1,1.2865599125986216,True,False,2728.2124692338325,3.5348827644703167e-06,6.930383644977266,0.4209072950413846,1.0426083986962464e-09,771797157.3641822,84.75471988776196,61.0,160.0
K_Q+C_c+h_fc+h_amb+theta,mak_heatup,2,1.2865765874188226,True,False,3528.4845622089433,3.1863198714342984e-06,8.954911330183178,0.3897245356484955,1.3471786741686013e-09,1107385543.379429,84.75974476497845,61.0,160.0
K_Q+C_c+h_fc+h_amb+theta,mak_heatup,3,1.2865498014865786,True,False,2856.0328565710956,1.017339290565669e-06,7.2591241956752155,0.5152149975740545,1.092075908311271e-09,2807355307.1788487,84.7544681311197,61.0,160.0
K_Q+C_c+h_fc+h_amb+theta,mak_heatup,4,1.286595505652111,True,False,5116.708785457005,3.521450297279829e-06,12.971895372971856,0.31044915054166367,1.9514910846779844e-09,1453011785.9137316,84.76352194808292,61.0,160.0
C_c+theta,mak_heatup,0,29.70688117878417,True,True,625.3905564331271,0.5,3.5,1.3,1.4e-09,1250.7811128662543,427.4607640223148,141.0,293.0
C_c+theta,mak_heatup,1,51.01815068658693,True,True,1.5668333217428234,0.36371688444683226,2.3243351664788605,1.6627628959032679,2.215611348859773e-09,4.3078377406805854,856.2643354918034,134.0,79.0
C_c+theta,mak_heatup,2,30.161366154274507,True,True,487.5351950718876,0.42509479524115784,2.7893623204379923,0.9041920201319962,1.0491197615300163e-09,1146.8858253023473,436.5629719782863,142.0,295.0
C_c+theta,mak_heatup,3,26.76460464771309,True,True,1152.8310967446378,0.7997471586446432,5.621985188828234,1.7085712359969067,1.8197235088859475e-09,1441.4944576963262,369.7131039163949,131.0,282.0
C_c+theta,mak_heatup,4,90.55521073859147,True,True,186.44521587912712,1.0450141435843359,2.4064208897299486,1.5110057020755125,1.5498163486159583e-09,178.4140597749531,661.277373307996,167.0,0.0
K_Q+C_c,mak_heatup,0,5.285569890147987,True,True,30792.07386237687,0.5,72.53829399536413,1.3,1.4e-09,61584.14772475374,50.0,38.0,109.0
K_Q+C_c,mak_heatup,1,5.520613941700053,True,True,22054.91264195933,0.36666848761322995,51.774428463065625,0.8426725531282366,6.841217508865344e-10,60149.46303545818,46.6818210569584,37.0,106.0
K_Q+C_c,mak_heatup,2,7.086780055476669,True,True,993496.794573403,0.6472670063436925,2273.219619985133,1.9643486202250193,1.5049131510405232e-09,1534910.299515353,34.10378217369287,28.0,108.0
K_Q+C_c,mak_heatup,3,6.700906107105061,True,True,135311.53649552213,0.5455909778304517,311.54279130620444,1.2027333582331836,1.4327629271277092e-09,248009.11670788596,36.50858945046186,31.0,97.0
K_Q+C_c,mak_heatup,4,6.310793929529926,True,True,48924.89242778752,0.38985164997262944,113.36484409475287,1.0526586714493051,8.788330761040653e-10,125496.17894710058,41.228913870800774,33.0,99.0
K_Q+C_c+theta,mak_heatup,0,1.3375345587484389,True,True,8045.5682071884385,0.5,20.560132672710964,1.3,1.4e-09,16091.136414376877,99.29793285477102,59.0,165.0
K_Q+C_c+theta,mak_heatup,1,1.3430997329082826,True,True,8994.663262925224,0.5278722521991311,22.976017639537844,1.6002879430019636,1.6729008807600111e-09,17039.469730513767,100.5189646564501,59.0,165.0
K_Q+C_c+theta,mak_heatup,2,1.321530035564381,True,True,7359.57504170407,0.40625229099203464,18.79723087655093,1.2360520316547217,1.4485727661689744e-09,18115.774864266226,96.24068803786446,60.0,163.0
K_Q+C_c+theta,mak_heatup,3,1.3316990262169248,True,True,15931.722518211105,1.093337539539484,40.72127369448333,1.238182308349502,2.4148021455555534e-09,14571.641366052043,97.72251819402193,60.0,164.0
K_Q+C_c+theta,mak_heatup,4,1.3301159703997116,True,True,9663.928378221268,0.5652917308181136,24.6770197973452,1.0635013870903405,1.7961923469583941e-09,17095.470977852852,97.98932350200685,60.0,164.0
K_Q+C_c+h_fc+theta,mak_heatup,0,1.299508685960916,True,True,8083.9995037105,0.5,20.6466666044565,0.42392986727717796,1.4e-09,16167.999007421,84.82031331881207,61.0,161.0
K_Q+C_c+h_fc+theta,mak_heatup,1,1.2986170655223417,True,True,5437.31999073761,0.31898717677438065,13.895828381519975,0.5467556566466191,1.0022041220718712e-09,17045.57545453754,84.82284964542166,61.0,161.0
K_Q+C_c+h_fc+theta,mak_heatup,2,1.3053211206340365,True,True,9183.986254135469,0.7482146238907961,23.509393183600263,0.4375418532398011,9.830348964269712e-10,12274.534553171065,84.83325211337417,61.0,162.0
K_Q+C_c+h_fc+theta,mak_heatup,3,1.3018444331294905,True,True,6928.506042264787,0.48562666484027267,17.715964314352405,0.41396825694020023,1.008031232124499e-09,14267.144998192469,84.82763647604453,61.0,161.0
K_Q+C_c+h_fc+theta,mak_heatup,4,1.298625056703782,True,True,7370.8479977831275,0.431863734644789,18.815432486237704,0.34037448614948873,1.3572270348550558e-09,17067.53173856032,84.81933889355629,61.0,161.0
K_Q+C_c+sigma+theta,mak_heatup,0,1.3241471155372082,True,False,13301277.971287094,0.5,33695.92189294268,1.3,5.089215602399377e-06,26602555.942574188,99.21859617862569,59.0,164.0
K_Q+C_c+sigma+theta,mak_heatup,1,1.3484344732437559,True,False,10984496.447185133,0.3956466323790742,27837.796944814912,1.8140737776566065,4.218093560989075e-06,27763401.854664955,103.44763893423901,58.0,166.0
K_Q+C_c+sigma+theta,mak_heatup,2,1.327079147100975,True,False,38961490.58965392,0.6049252865210268,98704.88570021387,1.2231937376830742,1.4916462729464242e-05,64407111.849670775,99.78628893337732,59.0,164.0
K_Q+C_c+sigma+theta,mak_heatup,3,1.3270230645184775,True,False,5290857.920423176,0.26717283111939666,13403.90459289554,1.4686523892833652,2.0249758155941688e-06,19803128.552613754,99.77468877646858,59.0,164.0
K_Q+C_c+sigma+theta,mak_heatup,4,1.3153773568300875,True,False,20062724.36809926,0.39232335255130873,50817.34227802936,0.9703019452642172,7.667531908566007e-06,51138236.45120748,97.3846977611296,60.0,163.0
K_Q+C_c+h_fc+sigma+theta,mak_heatup,0,1.2978166788386545,False,True,8999.036059134227,0.5,22.965110740513765,0.42380957176257456,1.7514160121175335e-09,17998.072118268454,84.8323054546185,61.0,161.0
K_Q+C_c+h_fc+sigma+theta,mak_heatup,1,1.2948249278497541,False,True,8432.418963476262,0.3678395200677154,21.511717131941325,0.854621227413246,1.9828418985750424e-09,22924.178897155864,84.95396007167908,61.0,161.0
K_Q+C_c+h_fc+sigma+theta,mak_heatup,2,1.3005786378069641,False,True,9878.046756720181,0.6487943683008034,25.23348655825256,0.3475749732390567,1.5857944787882696e-09,15225.235050345535,84.82512522804655,61.0,161.0
K_Q+C_c+h_fc+sigma+theta,mak_heatup,3,1.3019369944534882,False,True,8274.66908350864,0.5829425125898022,21.162350576676367,0.5212858509090785,1.1976207327093521e-09,14194.6571142106,84.92290279360245,61.0,161.0
K_Q+C_c+h_fc+sigma+theta,mak_heatup,4,1.3056086389640806,False,True,9024.999179779046,0.7439452937625701,23.107402154284806,0.41979685617157697,9.417343589734703e-10,12131.267252373225,84.91905055182426,61.0,162.0
h_amb,mak_step,0,109.8807743751037,True,True,320.0,0.17523528366123609,3.5,1.3,1.4e-09,1826.1162553234558,50.0,26.0,44.0
h_amb,mak_step,1,112.7219810977697,True,True,285.63469149647153,0.13253117016637747,3.295605435838145,1.0996852513698905,1.4226074353557379e-09,2155.226511151229,42.43315870759595,24.0,39.0
h_amb,mak_step,2,157.36493937928725,True,True,250.72401088101657,2.4547246820303874,6.13472616020841,1.2759885710292453,1.6130842948844141e-09,102.13936117415584,68.26086426318355,25.0,0.0
h_amb,mak_step,3,106.95139782426085,True,True,264.5730873660444,0.058136302877691906,2.8962429839967108,0.7372957413644761,1.4398328271836258e-09,4550.91009008016,51.11562163400991,28.0,47.0
h_amb,mak_step,4,122.97768596015504,True,True,198.27118128649505,0.054408820673133705,2.6022361832443313,1.4820550069511687,1.2685306376046617e-09,3644.099960880029,27.380458682690655,16.0,19.0
h_amb+theta,mak_step,0,46.54464655114259,True,True,320.0,0.1963643146899688,3.5,1.3,1.4e-09,1629.6240001918593,969.1311681216139,228.0,523.0
h_amb+theta,mak_step,1,45.31673990260355,True,True,373.64493201250195,0.09830049673500946,3.4518555975229033,1.0336060541497067,1.7247025417615982e-09,3801.0482593973434,850.7512261825187,215.0,457.0
h_amb+theta,mak_step,2,30.46774045260059,True,True,516.2503363110519,0.007353069809160984,2.5183744933788743,1.2134938175728864,1.1994028867169777e-09,70208.81750202752,372.305443315547,130.0,309.0
h_amb+theta,mak_step,3,41.12981419973378,True,True,430.61997301755457,0.017775434376215406,3.0167274509175197,1.4874610845812324,1.6759036505743056e-09,24225.566807737192,612.2624786134593,179.0,421.0
h_amb+theta,mak_step,4,45.66280214651551,True,True,499.952672671978,0.1369620059061955,4.698202176234167,0.7700479677949781,2.3428522294360314e-09,3650.301916681862,865.1146797747186,219.0,464.0
K_Q+h_amb,mak_step,0,67.70454222836511,True,False,320.0,1.0000055882451297e-09,1.6397094919971227,1.3,1.4e-09,319998211771.5516,50.0,31.0,47.0
K_Q+h_amb,mak_step,1,96.54931656449442,True,False,293.44759059447017,1.0000000004855286e-09,1.983672979527273,1.2468178076426841,2.4188387667233775e-09,293447590451.993,33.34603823217375,23.0,23.0
K_Q+h_amb,mak_step,2,94.95990517888505,True,False,387.46251856344884,1.0000000477605101e-09,2.6775631412900207,1.677440937932385,3.211415662909761e-09,387462500058.0422,48.38646206236778,30.0,33.0
K_Q+h_amb,mak_step,3,70.36532435379424,True,False,392.41899510554,1.0000000009333222e-09,2.209217527658716,0.7403243605799682,1.988377751800761e-09,392418994739.2866,77.30774258828053,46.0,74.0
K_Q+h_amb,mak_step,4,74.9503578534557,True,False,325.27955460536447,1.0000000000061973e-09,1.7206473829888767,2.262904238013006,1.5984489386259228e-09,325279554603.34863,36.876203801120006,22.0,29.0
K_Q+h_amb+theta,mak_step,0,41.338215233078664,True,False,320.0,1.0000000000000003e-09,2.1614397966322576,1.3,1.4e-09,319999999999.99994,574.7344329076142,170.0,378.0
K_Q+h_amb+theta,mak_step,1,28.98626223758874,True,False,541.7373412974417,1.0000000000000003e-09,2.430052593583162,0.6766026366057014,1.291209883212486e-09,541737341297.4416,312.8148139312248,124.0,272.0
K_Q+h_amb+theta,mak_step,2,44.82626764871021,True,False,187.07842179635395,1e-09,1.6697670477076008,1.5031597161923094,1.0979815315958808e-09,187078421796.35394,767.5157196769553,199.0,379.0
K_Q+h_amb+theta,mak_step,3,32.03369275056709,True,False,350.4843016447354,1.0000000000000003e-09,1.71514059977859,1.3178750150452554,9.696222923079576e-10,350484301644.7353,366.0737937932981,131.0,291.0
K_Q+h_amb+theta,mak_step,4,39.10333510651718,True,False,546.32220410234,1.0000000000000003e-09,3.293004863711822,1.1237486353767574,2.0786097504108495e-09,546322204102.3399,490.4309830732174,160.0,344.0
C_c+h_amb+theta,mak_step,0,17.293076271318277,True,False,1017.8878938862599,1.0000009594985648e-09,3.5,1.3,1.4e-09,1017886917225.2238,199.78785396019333,90.0,217.0
C_c+h_amb+theta,mak_step,1,40.13456279244041,True,False,506.80412657362257,1.0000000000000003e-09,2.2525741615910784,1.5656452832730137,1.6202023439908848e-09,506804126573.62244,340.74417855457875,124.0,261.0
C_c+h_amb+theta,mak_step,2,23.237348479876506,True,False,925.9116612144865,1.0000000000000003e-09,3.417407725834263,1.0887207864982686,1.641887884939439e-09,925911661214.4862,230.95819172888136,100.0,228.0
C_c+h_amb+theta,mak_step,3,2.84933186865934,True,True,2545.8561453057537,0.049679627885331513,6.895942878852646,1.0320855162074476,8.24029841226226e-10,51245.475332101814,109.11956557294255,64.0,181.0
C_c+h_amb+theta,mak_step,4,8.05990646429371,True,False,2203.9579753933745,1.00000000000055e-09,6.670659245334594,0.8309581835740723,1.7752304730300233e-09,2203957975392.1626,137.23102696993482,79.0,194.0
K_Q+C_c+h_amb,mak_step,0,7.205081939951648,True,False,6119.221722516449,1.0000000087286719e-09,15.441584769163951,1.3,1.4e-09,6119221669103.7705,50.0,37.0,93.0
K_Q+C_c+h_amb,mak_step,1,8.534802334463528,True,False,5752.579589403054,1.0064322238248707e-09,14.310201869314087,1.0168806502919834,1.1015093930811953e-09,5715814193171.204,31.680446413814757,30.0,72.0
K_Q+C_c+h_amb,mak_step,2,8.60255319561267,True,False,4807.962807261178,1.0000261370683514e-09,11.9537466584388,1.9493565056446802,9.120987499724588e-10,4807837144493.109,37.12838364126662,30.0,71.0
K_Q+C_c+h_amb,mak_step,3,6.2863815233742555,True,False,3610.0714523917354,1.0000000279354157e-09,9.229516434895405,1.7519213801457945,9.22772637769043e-10,3610071351542.8916,57.817501998368485,42.0,107.0
K_Q+C_c+h_amb,mak_step,4,8.743496465340732,True,False,7705.564161048516,1.0000000326677226e-09,19.110622227695522,1.4596224211719977,1.4302543676523143e-09,7705563909325.292,34.10152630935747,29.0,68.0
K_Q+C_c+h_amb+theta,mak_step,0,2.691718388890009,True,False,3453.9573268003774,1.0002605751330534e-09,9.343056722765995,1.3,1.4e-09,3453057545870.921,112.87782942157003,64.0,181.0
K_Q+C_c+h_amb+theta,mak_step,1,2.7220518006169296,True,False,5880.698705777798,1.0000000219858784e-09,15.907373687206286,0.6684920633031042,2.3710497487079893e-09,5880698576485.474,88.09423785425635,66.0,177.0
K_Q+C_c+h_amb+theta,mak_step,2,2.6840730818442546,True,False,2277.3592545266793,1.0001173618647865e-09,6.1614135846307,1.1457759803230971,9.241645465091523e-10,2277092010762.006,114.71049444418156,63.0,182.0
K_Q+C_c+h_amb+theta,mak_step,3,2.7156564610804064,True,False,2614.2728646920104,1.000000002174575e-09,7.088631633324532,1.0529254486758544,1.0587874811832026e-09,2614272859007.078,105.6857569378662,66.0,178.0
K_Q+C_c+h_amb+theta,mak_step,4,2.6928232862481787,True,False,5631.825058080892,1.0000002784853106e-09,15.21987910344518,1.3228418391014296,2.280278481219195e-09,5631823489700.778,112.60227863573984,64.0,181.0
K_Q+C_c+h_fc+h_amb,mak_step,0,2.4630444457611684,True,False,3281.383428112392,1.0000000913092913e-09,8.950185449853024,0.11941274020939857,1.4e-09,3281383128491.624,50.0,57.0,204.0
K_Q+C_c+h_fc+h_amb,mak_step,1,2.4782270786943155,True,False,2215.4283907096715,1.000000000959455e-09,6.047323930572395,0.12179331579570118,9.433356365346747e-10,2215428388584.068,51.70983297658407,57.0,203.0
K_Q+C_c+h_fc+h_amb,mak_step,2,2.3891762435436883,True,False,6231.976315267518,1.0015725457131558e-09,17.02691927986837,0.10516350449594289,2.7035563063378903e-09,6222191634486.272,41.069374300856545,53.0,214.0
K_Q+C_c+h_fc+h_amb,mak_step,3,2.681496598484649,True,False,6702.897740046508,1.0000055992305607e-09,18.097265256955065,2.6080852494041413,2.698699442922386e-09,6702860209186.781,114.76109064357306,62.0,181.0
K_Q+C_c+h_fc+h_amb,mak_step,4,2.3710854552743394,True,False,1863.647551491924,1.0000006283954466e-09,5.106883061849477,0.0728901040918893,8.14444123718384e-10,1863646380385.0247,38.539246960237364,51.0,217.0
K_Q+C_c+h_fc+h_amb+theta,mak_step,0,2.6610010612491473,True,False,3437.874237304097,1.0000000000001167e-09,9.306298654970847,17.991506433075344,1.4e-09,3437874237303.696,119.6280615837176,61.0,5159.0
K_Q+C_c+h_fc+h_amb+theta,mak_step,1,2.661000918665923,True,False,3257.0711656325166,1.0000000000001374e-09,8.82045387032603,19.692811894666907,1.3269121605006054e-09,3257071165632.0693,119.62806619969855,61.0,5210.0
K_Q+C_c+h_fc+h_amb+theta,mak_step,2,2.6610010397329162,True,False,2423.607575127068,1.0000000000000028e-09,6.5610932884143915,12.983056015444918,9.87023944136156e-10,2423607575127.061,119.62810211793123,61.0,5159.0
K_Q+C_c+h_fc+h_amb+theta,mak_step,3,2.661001201427576,True,False,2983.6148939013633,1.0000859867318122e-09,8.073518234482144,13.320631525774555,1.2145469554980985e-09,2983358364665.761,119.62811368242285,61.0,5117.0
K_Q+C_c+h_fc+h_amb+theta,mak_step,4,2.6610007584126625,True,False,3014.0495947869754,1.0000000046282532e-09,8.165851043811472,20.821862544741883,1.2284358384421888e-09,3014049580837.191,119.62807915550827,61.0,5169.0
C_c+theta,mak_step,0,61.92652641558467,True,True,549.0228131917959,0.5,3.5,1.3,1.4e-09,1098.0456263835918,556.5394704073789,167.0,314.0
C_c+theta,mak_step,1,74.19227341148444,True,False,0.915462263139206,0.37812276346057505,2.214186263337613,0.9979875203047848,1.2061482889910446e-09,2.421071545021268,1063.9305467818724,161.0,508.0
C_c+theta,mak_step,2,121.23067403460401,True,True,16.98217879073218,1.107077548816493,2.502203554295077,1.123497301964433,1.5728824037762013e-09,15.339646991203788,896.6904490688011,163.0,0.0
C_c+theta,mak_step,3,46.14105430039725,True,True,802.3111450828518,0.4082574932319562,4.078268195639046,1.1301772947563165,1.4767419594624886e-09,1965.2086204992434,409.24356567329613,140.0,319.0
C_c+theta,mak_step,4,29.47729722084125,True,True,1592.301813558446,0.6144148474173079,6.697825958544459,1.4849001418098797,1.2493246990026496e-09,2591.574439080834,279.9311266078486,112.0,274.0
K_Q+C_c,mak_step,0,7.364124975035005,True,True,14497.069629184636,0.5,36.732833416611456,1.3,1.4e-09,28994.139258369272,50.0,37.0,95.0
K_Q+C_c,mak_step,1,4.44593338339703,True,True,9345.319616303186,0.45707878525984574,24.635732110136182,0.7286083002710254,1.2992551163099712e-09,20445.752280956214,76.76472627802795,53.0,143.0
K_Q+C_c,mak_step,2,8.108423766021062,True,True,14884.451535210334,0.28158833533930244,37.300512208191144,1.716033862793875,1.9719535012944366e-09,52858.906663428286,38.50161794000948,33.0,80.0
K_Q+C_c,mak_step,3,5.889329144639528,True,True,12594.862886249257,0.6326049013701536,32.589696106811644,2.189944518834658,1.0729832093155963e-09,19909.524663767465,69.22015059786109,44.0,123.0
K_Q+C_c,mak_step,4,3.5967404691700193,True,True,8117.334154736851,0.49491854382873507,21.796093677369825,1.1787509017683264,1.0999502372651971e-09,16401.353830754477,89.26463799205804,59.0,162.0
K_Q+C_c+theta,mak_step,0,3.140416885953199,True,True,7985.609917600988,0.5,21.79744905299281,1.3,1.4e-09,15971.219835201977,112.77664243483916,64.0,185.0
K_Q+C_c+theta,mak_step,1,3.2378756844899836,True,True,7582.604758425341,0.5356523392046969,20.727338489325977,0.9202827009832966,1.088158134185736e-09,14155.83243729229,100.37349142094315,66.0,181.0
K_Q+C_c+theta,mak_step,2,3.043980609144375,True,True,8407.535169087363,0.43025876522096995,22.905402817524102,1.4600464787446537,1.8336640646823588e-09,19540.648206828435,115.45737365324197,63.0,186.0
K_Q+C_c+theta,mak_step,3,3.1847310058640574,True,True,6111.746401238467,0.41121871437536045,16.696886723041153,0.9943049972744338,9.631007800033632e-10,14862.520083800624,110.46006018869949,64.0,184.0
K_Q+C_c+theta,mak_step,4,3.087428321871013,True,True,10994.016982153615,0.6262346011777782,29.974173351530705,1.4145371650750012,2.16210383855208e-09,17555.748215567837,115.25352192102221,63.0,186.0
K_Q+C_c+h_fc+theta,mak_step,0,3.1084911801202337,True,True,7943.620071844462,0.5,21.701370704402663,18.021962778915345,1.4e-09,15887.240143688923,119.56882595408172,61.0,4672.0
K_Q+C_c+h_fc+theta,mak_step,1,3.0880700991873815,True,True,5922.754679210113,0.35634181790542785,16.17163499029058,12.196512089939851,1.1042601285716804e-09,16620.992489806504,119.5792320394099,61.0,4682.0
K_Q+C_c+h_fc+theta,mak_step,2,3.1116865500410187,True,True,9008.044561320117,0.5708046379964211,24.60691824921313,17.443108544169604,1.5729495619518374e-09,15781.309333678884,119.567152331916,61.0,4667.0
K_Q+C_c+h_fc+theta,mak_step,3,3.138898817336551,True,True,9298.550700323001,0.6235755318603788,25.42193241181191,22.81894352608285,1.4978496135917202e-09,14911.667031869662,119.55198896370011,61.0,4654.0
K_Q+C_c+h_fc+theta,mak_step,4,3.193146195765579,True,True,12523.196661483233,0.9306353745130909,34.26039468978439,18.341124413373233,1.6791722522541044e-09,13456.609327831944,119.51800752544098,60.0,4613.0
K_Q+C_c+sigma+theta,mak_step,0,2.691814724561127,True,False,548419793.344732,0.5,1479630.7885117608,1.3,0.00022170946106500234,1096839586.689464,112.85869738056024,64.0,181.0
K_Q+C_c+sigma+theta,mak_step,1,2.6788964216527185,True,False,516730960.0813304,0.4311991893880905,1394555.8126888908,2.1899760830322,0.0002093106318965105,1198357911.6060424,115.88565579450128,63.0,183.0
K_Q+C_c+sigma+theta,mak_step,2,2.677421863471809,True,False,569876598.11072,0.37944696004110773,1538038.0920991956,1.4185292925409942,0.00023089003184870497,1501861019.1236792,116.21054495317112,62.0,183.0
K_Q+C_c+sigma+theta,mak_step,3,2.697117495037427,True,False,288652194.05464655,0.2556358024375407,778683.0298635041,0.7861699799514237,0.00011659799209494764,1129154020.2987518,111.49698650165782,64.0,181.0
K_Q+C_c+sigma+theta,mak_step,4,2.688194656894091,True,False,177319299.77854696,0.3935935908633563,478446.50223142304,0.9152663665260309,7.172385447447213e-05,450513686.9469676,113.74581151577391,63.0,182.0
K_Q+C_c+h_fc+sigma+theta,mak_step,0,2.6611378224624223,True,False,25192378.137566976,0.5,68017.80675159747,18.038556525896567,1.0230505601224159e-05,50384756.27513395,119.62829107163282,61.0,5166.0
K_Q+C_c+h_fc+sigma+theta,mak_step,1,2.6655231533269133,True,False,644714.5739545716,0.42582222308546225,1740.9617572479153,28.330559527144125,2.603660664267979e-07,1514046.3296702525,119.63651765061944,61.0,5101.0
K_Q+C_c+h_fc+sigma+theta,mak_step,2,2.672966517460953,False,False,231156.1329694176,0.4038132069760605,624.3680958607137,23.894039173544613,9.247079707894702e-08,572433.3156422033,119.65101990290394,61.0,5203.0
K_Q+C_c+h_fc+sigma+theta,mak_step,3,2.665386881174425,True,False,719586.2806192753,0.4609494874910905,1943.1223574702587,21.08853551602842,2.9065364173096137e-07,1561095.7385719707,119.63668080549198,61.0,5143.0
K_Q+C_c+h_fc+sigma+theta,mak_step,4,2.661098256479957,True,False,31773695.724834476,0.44692921891890725,85786.80936913019,13.143989394854676,1.2903776697078184e-05,71093350.75852275,119.62816365140017,61.0,5124.0
h_amb,mak_hold,0,130.1911026971792,True,False,320.0,1.0000000000004072e-09,3.5,1.3,1.4e-09,319999999999.8697,50.0,26.0,47.0
h_amb,mak_hold,1,142.2777499701628,True,False,277.2052467773577,1.0000000000016249e-09,3.6343031498657035,1.4436384420912087,1.6470677614271847e-09,277205246776.9072,35.10814724036065,21.0,31.0
h_amb,mak_hold,2,159.60536797938457,True,True,222.80992915689484,1.5723670345579133,3.3421725038687295,1.2848190741338703,1.234910077671602e-09,141.70351085968937,61.997433048185094,26.0,0.0
h_amb,mak_hold,3,130.80769891399962,True,False,362.60040903989716,1.0000000062752304e-09,3.892716821747674,1.4013122490149752,8.574335020839549e-10,362600406764.49603,61.52068947636041,29.0,69.0
h_amb,mak_hold,4,160.93615193682615,True,True,223.9656361365434,4.618410908560478,6.088788610103069,1.279002744055649,1.5158613807309312e-09,48.49409040702957,76.86326787753396,28.0,0.0
h_amb+theta,mak_hold,0,66.00797997716599,True,False,320.0,0.0160389315937258,3.5,1.3,1.4e-09,19951.453632059845,1642.4537385060842,345.0,865.0
h_amb+theta,mak_hold,1,65.06513715857686,True,False,310.1917054564376,1.0000000000000003e-09,2.737258918734471,0.7004404863790893,1.119905849425352e-09,310191705456.4375,1397.3461613520628,331.0,776.0
h_amb+theta,mak_hold,2,67.41464549466808,True,False,346.24175882187893,0.1208974492943383,3.5306790604304283,1.6646802093923114,1.0154714933816318e-09,2863.929395060394,1654.7836816690606,348.0,945.0
h_amb+theta,mak_hold,3,65.57049908106265,True,False,332.1969451385584,1.0000000000000003e-09,4.385776452065041,1.0501446132306065,1.93741946954766e-09,332196945138.55835,1769.7823605778187,356.0,895.0
h_amb+theta,mak_hold,4,66.98317026639404,True,False,351.2696727513714,0.0956986252309798,4.510026542544533,1.269381642322554,1.5715482083983539e-09,3670.582225225713,1805.9020407552835,358.0,864.0
K_Q+h_amb,mak_hold,0,105.52609178978784,True,False,320.0,1.0000000000014542e-09,1.5433473085718576,1.3,1.4e-09,319999999999.53467,50.0,32.0,38.0
K_Q+h_amb,mak_hold,1,127.5887405620178,True,False,343.5827195973518,1.0000000000000003e-09,1.8048940252251748,1.4396553468819162,2.556086308142725e-09,343582719597.3517,35.27245518154745,25.0,21.0
K_Q+h_amb,mak_hold,2,120.98769983183749,True,False,364.304821399586,1.0000000000000003e-09,1.874686200845359,0.7963064193971459,2.291769687876477e-09,364304821399.5859,37.026120697976836,29.0,28.0
K_Q+h_amb,mak_hold,3,103.72347146870953,True,False,331.7470636416553,1.0000000000000003e-09,1.5877826527887335,0.5867172306605031,1.395544137728212e-09,331747063641.6552,45.622598835661556,33.0,40.0
K_Q+h_amb,mak_hold,4,81.03456177598656,True,False,350.3480135143866,1.0000000000000056e-09,1.520049135805426,1.5705641708057103,9.141919904839851e-10,350348013514.38464,45.46311283864005,30.0,43.0
K_Q+h_amb+theta,mak_hold,0,65.24384409244821,True,False,320.0,1.0000000000000003e-09,3.094636061316387,1.3,1.4e-09,319999999999.99994,1545.96816645061,337.0,819.0
K_Q+h_amb+theta,mak_hold,1,58.58799292035024,True,False,491.11359718822155,1.0000000000000003e-09,2.8078180056343722,1.413247843480762,1.2192863370620775e-09,491113597188.22144,853.0517852968283,245.0,580.0
K_Q+h_amb+theta,mak_hold,2,62.77718877694981,True,False,516.2015174215203,1e-09,3.5821600571510457,1.0629371284305404,1.6003898498069878e-09,516201517421.52026,1195.1312900907853,297.0,676.0
K_Q+h_amb+theta,mak_hold,3,63.5482972047185,True,False,144.64329684186998,1.0000000000000003e-09,3.365121933923402,1.13024757633171,1.492115534039414e-09,144643296841.86993,2011.5955389819171,365.0,981.0
K_Q+h_amb+theta,mak_hold,4,50.766296504878994,True,False,474.32458045595916,1.0000000000000003e-09,2.2225618637612223,1.083051736960194,8.80312530248945e-10,474324580455.95905,551.1464049076287,182.0,462.0
C_c+h_amb+theta,mak_hold,0,45.18789802400174,True,False,1036.1335742659517,1.0000000000000003e-09,3.5,1.3,1.4e-09,1036133574265.9514,323.0255250970859,129.0,316.0
C_c+h_amb+theta,mak_hold,1,71.7472327372735,True,False,851.6506845760491,1.0000000000000003e-09,2.874603534864501,2.3422472058938535,2.032420421517888e-09,851650684576.0488,511.3684453129057,179.0,376.0
C_c+h_amb+theta,mak_hold,2,35.029751576656906,True,False,1644.9004324002424,1.0000000000000003e-09,5.4264334452341,1.0199502874294715,1.7081469519968357e-09,1644900432400.242,266.5012083605468,114.0,324.0
C_c+h_amb+theta,mak_hold,3,29.831398570836956,True,False,1593.3321962787118,1e-09,5.170982872963962,1.3251813856172148,1.419668759524346e-09,1593332196278.7117,239.30656275208838,107.0,306.0
C_c+h_amb+theta,mak_hold,4,17.862568168544698,True,False,1551.733619777303,1.0000000000001965e-09,4.680747944625697,0.858037550833304,8.65758257099161e-10,1551733619776.998,179.3905955635963,89.0,264.0
K_Q+C_c+h_amb,mak_hold,0,4.313114386493456,True,False,5415237.80248683,65.82085388411707,13265.08316424193,1.3,1.4e-09,82272.37240071048,50.0,38.0,124.0
K_Q+C_c+h_amb,mak_hold,1,4.026798952714217,True,False,11034861.531338906,142.58140725558573,27083.998252491463,1.2129721360828305,8.030891247283135e-10,77393.41155160753,55.51259780400436,39.0,133.0
K_Q+C_c+h_amb,mak_hold,2,5.838410725888986,True,False,6583954.146654101,55.2999202596342,15961.966101630709,0.8983200906950308,9.597076417462753e-10,119059.0170065763,22.023145559339984,26.0,101.0
K_Q+C_c+h_amb,mak_hold,3,3.0567035542012277,True,False,5579257.242683788,85.50038233356068,13784.27306629565,1.9644083924734674,1.2664794488212742e-09,65254.178875102094,67.45058856736054,44.0,158.0
K_Q+C_c+h_amb,mak_hold,4,3.8493913395279713,True,False,9633486.588626849,128.4155764098018,23671.46036943349,0.904345297058027,1.2251776545900566e-09,75018.05355671431,49.285253055705844,41.0,132.0
K_Q+C_c+h_amb+theta,mak_hold,0,0.9560289627119163,True,False,14791.626962584804,1.0000002500324068e-09,37.193270148119474,1.3,1.4e-09,14791623264199.639,97.88390906571819,59.0,210.0
K_Q+C_c+h_amb+theta,mak_hold,1,0.9289519702008974,True,False,11983.216912230771,1.0000373348613164e-09,30.15530625091221,1.2395073049683918,1.1330030179383896e-09,11982769537191.914,90.18291985750761,61.0,205.0
K_Q+C_c+h_amb+theta,mak_hold,2,0.9447952795595872,True,False,21208.648332002627,1.0000002031986817e-09,53.31576963734042,0.9296511903893124,2.0052814187316352e-09,21208644022434.12,95.32010464858706,60.0,208.0
K_Q+C_c+h_amb+theta,mak_hold,3,0.967765771647436,True,False,12747.924916326278,1.0000000035213065e-09,32.068582977054874,2.725399513641505,1.2081166200000203e-09,12747924871436.928,100.15392654502334,58.0,212.0
K_Q+C_c+h_amb+theta,mak_hold,4,0.9398255148402724,True,False,22303.3974861483,1.0000032942478328e-09,56.077930303114485,1.274001123690165,2.1084510657326403e-09,22303324013471.504,93.98842791605179,60.0,207.0
K_Q+C_c+h_fc+h_amb,mak_hold,0,1.1122828199075114,True,False,14698.635014887675,1.0000001179602408e-09,36.97421915147953,0.16540464218007173,1.4e-09,14698633281033.354,50.0,54.0,243.0
K_Q+C_c+h_fc+h_amb,mak_hold,1,0.9762805031825409,True,False,10995.591006430757,1.0000015538863205e-09,27.655926090563415,0.28659926107017664,1.0389038114497656e-09,10995573920558.855,65.84689513592105,59.0,215.0
K_Q+C_c+h_fc+h_amb,mak_hold,2,1.0895489266050584,True,False,30729.50249699844,1.181520251209274e-09,77.26490805129498,0.1513793859722123,2.9213253427163133e-09,26008443330147.836,52.112662959729384,55.0,238.0
K_Q+C_c+h_fc+h_amb,mak_hold,3,0.991222557241745,True,False,9550.05636805209,1.0095632575909788e-09,24.04481814738138,9.820520094381097,9.140004068373905e-10,9459591854442.531,104.40982241171619,57.0,217.0
K_Q+C_c+h_fc+h_amb,mak_hold,4,1.0768942459452533,True,False,16585.561102583924,1.0000007153309112e-09,41.704420820906705,0.11925158631989696,1.575558422296375e-09,16585549238427.875,53.34812183751595,55.0,236.0
K_Q+C_c+h_fc+h_amb+theta,mak_hold,0,0.9219751207035194,True,False,14823.44348013059,3.0237344767198774e-08,37.26839228014738,0.4290370431480355,1.4e-09,490236282129.20807,83.85836692119702,61.0,203.0
K_Q+C_c+h_fc+h_amb+theta,mak_hold,1,0.9219749593618579,True,False,14647.064256493095,2.2136769007678654e-07,36.83382087254196,0.592023609369076,1.3836744152109186e-09,66166224399.83188,83.85775140108215,61.0,203.0
K_Q+C_c+h_fc+h_amb+theta,mak_hold,2,0.9219749865520747,True,False,16728.482688954005,1.570738200790252e-07,42.06619504361006,0.6402917320991363,1.5802318488683512e-09,106500769386.8893,83.85643638857015,61.0,203.0
K_Q+C_c+h_fc+h_amb+theta,mak_hold,3,0.9219749558329402,True,False,10429.39703967052,6.60117875243738e-08,26.227203442058283,0.4176658118143404,9.852340433438227e-10,157992949907.91806,83.85855684145338,61.0,203.0
K_Q+C_c+h_fc+h_amb+theta,mak_hold,4,0.9219753798913339,True,False,16171.210784692355,1.5678766156559443e-06,40.64794788968926,0.29867784168606887,1.5269460246710129e-09,10314083789.002039,83.8585024235754,61.0,203.0
C_c+theta,mak_hold,0,93.62094762363763,True,False,1.1442940732135631,0.5,3.5,1.3,1.4e-09,2.2885881464271263,2204.9811365801174,199.0,2363.0
C_c+theta,mak_hold,1,78.65178061480839,True,True,1098.2939178452534,0.3772288660222012,4.1567913027598635,1.3074231848260867,1.3473808070256784e-09,2911.478990000238,700.6209252365749,225.0,511.0
C_c+theta,mak_hold,2,80.50295363251438,True,False,1.6643022617411776,0.5601931033700462,5.117301380343521,1.9287214498790237,1.718097906335382e-09,2.97094386155231,2194.820160116062,203.0,11.0
C_c+theta,mak_hold,3,88.1804526213016,True,False,1.0127250602997155,0.592221704993573,3.8711336784957497,1.0825762131440793,8.276519852877588e-10,1.7100438092026804,2261.585825403566,273.0,0.0
C_c+theta,mak_hold,4,91.89480903184851,True,False,0.83006396541654,0.38157214985901433,2.8925459734713694,0.8490309726720915,1.2415616489887857e-09,2.1753787998501393,2116.3339790925825,195.0,3.0
K_Q+C_c,mak_hold,0,4.3139126142362985,True,True,67970.40017951356,0.5,166.45505276851912,1.3,1.4e-09,135940.8003590271,50.0,38.0,122.0
K_Q+C_c,mak_hold,1,6.154495434923196,True,True,150370.1642162736,0.7168114410219777,363.6548563541577,0.9976386060037341,1.8159228221515082e-09,209776.4566953434,28.263322539469467,26.0,76.0
K_Q+C_c,mak_hold,2,2.7322727503308095,True,True,41757.099543455435,0.4970370730426094,103.38118616828814,1.4806336017732338,7.605516363772591e-10,84012.04217592785,70.03057463205761,46.0,162.0
K_Q+C_c,mak_hold,3,4.518062936122866,True,True,70989.50846225444,0.5303548867182046,173.61323523633988,1.0660855484262632,1.273698788265988e-09,133852.84125792084,46.39670865181785,36.0,116.0
K_Q+C_c,mak_hold,4,6.38970225565204,True,True,91173.58376801199,0.4241007748359746,220.15887811219395,1.6106459229344496,9.16537681883596e-10,214980.9412710324,25.461897259995286,24.0,70.0
K_Q+C_c+theta,mak_hold,0,0.9700005823983786,True,True,37280.98256060673,0.5,93.77762103921182,1.3,1.4e-09,74561.96512121346,97.75517828213937,59.0,216.0
K_Q+C_c+theta,mak_hold,1,0.9568634291618291,True,True,68573.87878202628,0.9468398566976619,172.4665208905356,0.874513822874352,2.4523834309895698e-09,72423.94613720068,94.56801938263258,60.0,213.0
K_Q+C_c+theta,mak_hold,2,0.9738711604623539,True,True,35594.6073557952,0.32968341516812216,89.51376193064519,1.2679703734926495,1.9670086354967e-09,107966.0235187861,99.42173189947412,58.0,215.0
K_Q+C_c+theta,mak_hold,3,0.9480401714751039,True,True,34379.05983336165,0.4193846502906185,86.46532414842424,0.71218236381919,1.4635630690661936e-09,81975.00745327279,92.47196139614046,60.0,211.0
K_Q+C_c+theta,mak_hold,4,0.9512166106441736,True,True,36659.26299152182,0.5323765866193938,92.21802865720035,0.9642590559383784,1.1986323317986665e-09,68859.64543314943,92.68507693586945,60.0,212.0
K_Q+C_c+h_fc+theta,mak_hold,0,0.9361315436256737,True,True,37350.06488965936,0.5,93.94020779758932,0.4297357257310475,1.4e-09,74700.12977931873,83.76584984052303,61.0,208.0
K_Q+C_c+h_fc+theta,mak_hold,1,0.9387890995298092,True,True,43369.207810342705,0.6885084625327828,109.08478595883307,0.30319859847008684,1.1668044389826051e-09,62990.086789641624,83.751379091843,61.0,209.0
K_Q+C_c+h_fc+theta,mak_hold,2,0.9383264737020638,True,True,46058.7937601261,0.7112993812436447,115.84872910482554,0.35242236517110964,1.3240105279097848e-09,64753.03504355133,83.75042851158086,61.0,209.0
K_Q+C_c+h_fc+theta,mak_hold,3,0.9366093177051464,True,True,51674.37414236029,0.7148801633468824,129.95845957955433,0.34621677899568043,1.8385733741693628e-09,72283.96700844845,83.76021087238541,61.0,208.0
K_Q+C_c+h_fc+theta,mak_hold,4,0.9428875613236609,False,True,110212.0534493144,2.1607155996501253,277.30830962146285,0.3922966651318366,1.264086509026548e-09,51007.20033083508,83.78085808490326,61.0,211.0
K_Q+C_c+sigma+theta,mak_hold,0,0.9560137398760581,True,False,104385402.1892988,0.5,262315.60058433266,1.3,9.87174765412421e-06,208770804.3785976,97.87965909326128,59.0,210.0
K_Q+C_c+sigma+theta,mak_hold,1,0.9283919490217913,True,False,86961133.78017597,0.48195479064617514,218503.22663146228,1.1733706819200767,8.207364790883122e-06,180434213.88878378,89.9202857832394,61.0,204.0
K_Q+C_c+sigma+theta,mak_hold,2,0.9660728017199395,True,False,51463008.919002056,0.4537293450525316,129330.10672276188,1.1547402359034011,4.869719492180436e-06,113422262.58926189,99.84349618811937,58.0,212.0
K_Q+C_c+sigma+theta,mak_hold,3,0.9663882940084003,True,False,53250268.57497763,0.5169015081466635,133821.82342565537,1.5880402200911357,5.038763363181338e-06,103018210.88877268,99.90129386897333,58.0,212.0
K_Q+C_c+sigma+theta,mak_hold,4,0.9568526822092953,True,False,88297204.00676848,0.6395670466419827,221887.5960760993,1.4510895076715646,8.34989106509373e-06,138057775.9132039,98.0527862844863,59.0,210.0
K_Q+C_c+h_fc+sigma+theta,mak_hold,0,0.9433984772911201,False,True,24771.101905080035,0.5,62.33691488566505,0.4296087556003277,2.150906385106162e-10,49542.20381016007,83.71967813404913,61.0,211.0
K_Q+C_c+h_fc+sigma+theta,mak_hold,1,0.9403529509351707,False,True,21879.560237007303,0.3796027016158562,55.06859410107197,0.7124096959272002,4.5412651371473653e-10,57638.05195240313,83.78895244757878,61.0,210.0
K_Q+C_c+h_fc+sigma+theta,mak_hold,2,0.9409823266829552,False,True,27825.09823531215,0.4989658150740244,70.01390075646938,0.49863088181532683,5.078777095288865e-10,55765.54023281964,83.76946381077855,61.0,210.0
K_Q+C_c+h_fc+sigma+theta,mak_hold,3,0.9449721307167062,False,True,30604.98704433084,0.662500508153413,77.01703422728532,0.3874695440056911,7.540148463042231e-11,46196.17142579421,83.72482167262874,61.0,212.0
K_Q+C_c+h_fc+sigma+theta,mak_hold,4,0.940074083070602,False,True,18055.544911578847,0.3084796962513864,45.43210206189848,0.37511386494037835,3.9463422494202965e-10,58530.740048657906,83.73591724171982,61.0,210.0
